Godot Engine v4.7.1.stable.official.a13da4feb - https://godotengine.org

[   0% ] [90m[1mfirst_scan_filesystem[22m | Started Project initialization (5 steps)[39m[0m
[   0% ] [90m[1mfirst_scan_filesystem[22m | Scanning file structure...[39m[0m
[  16% ] [90m[1mfirst_scan_filesystem[22m | Loading global class names...[39m[0m
[  33% ] [90m[1mfirst_scan_filesystem[22m | Verifying GDExtensions...[39m[0m
[  50% ] [90m[1mfirst_scan_filesystem[22m | Creating autoload scripts...[39m[0m
[  66% ] [90m[1mfirst_scan_filesystem[22m | Initializing plugins...[39m[0m
[  83% ] [90m[1mfirst_scan_filesystem[22m | Starting file scan...[39m[0m
[92m[ DONE ][39m [1mfirst_scan_filesystem[22m
[0m
[   0% ] [90m[1msavepack[22m | Started Packing (102 steps)[39m[0m
[   1% ] [90m[1msavepack[22m | Storing File: res://.godot/imported/divers.glb-7929242784c7acfecc9d74284c250f61.scn[39m[0m
[   1% ] [90m[1msavepack[22m | Storing File: res://art/characters/divers.glb.import[39m[0m
[   1% ] [90m[1msavepack[22m | Storing File: res://.godot/imported/divers_Main_Team_Rigging_2_0.png-041f37629f9d455288759c0769692e7c.s3tc.ctex[39m[0m
[   1% ] [90m[1msavepack[22m | Storing File: res://.godot/imported/divers_Main_Team_Rigging_2_0.png-041f37629f9d455288759c0769692e7c.etc2.ctex[39m[0m
[   1% ] [90m[1msavepack[22m | Storing File: res://art/characters/divers_Main_Team_Rigging_2_0.png.import[39m[0m
[   1% ] [90m[1msavepack[22m | Storing File: res://.godot/imported/divers_Main_Team_Rigging_2_1.png-f63f9b9aeb47c2e6b487d74e54d61fac.s3tc.ctex[39m[0m
[   1% ] [90m[1msavepack[22m | Storing File: res://.godot/imported/divers_Main_Team_Rigging_2_1.png-f63f9b9aeb47c2e6b487d74e54d61fac.etc2.ctex[39m[0m
[   1% ] [90m[1msavepack[22m | Storing File: res://art/characters/divers_Main_Team_Rigging_2_1.png.import[39m[0m
[   1% ] [90m[1msavepack[22m | Storing File: res://.godot/imported/divers_Main_Team_Rigging_2_2.png-b812051dae9d5c539160033d21143dcc.s3tc.ctex[39m[0m
[   1% ] [90m[1msavepack[22m | Storing File: res://.godot/imported/divers_Main_Team_Rigging_2_2.png-b812051dae9d5c539160033d21143dcc.etc2.ctex[39m[0m
[   1% ] [90m[1msavepack[22m | Storing File: res://art/characters/divers_Main_Team_Rigging_2_2.png.import[39m[0m
[   1% ] [90m[1msavepack[22m | Storing File: res://.godot/imported/divers_Main_Team_Rigging_2_3.png-e084cbb80a29a9ca2e1bc6093bb467a7.s3tc.ctex[39m[0m
[   1% ] [90m[1msavepack[22m | Storing File: res://.godot/imported/divers_Main_Team_Rigging_2_3.png-e084cbb80a29a9ca2e1bc6093bb467a7.etc2.ctex[39m[0m
[   1% ] [90m[1msavepack[22m | Storing File: res://art/characters/divers_Main_Team_Rigging_2_3.png.import[39m[0m
[   1% ] [90m[1msavepack[22m | Storing File: res://.godot/imported/divers_Main_Team_Rigging_2_4.png-8ce34b1c2c49e3d6adfff3007d4c7d82.s3tc.ctex[39m[0m
[   1% ] [90m[1msavepack[22m | Storing File: res://.godot/imported/divers_Main_Team_Rigging_2_4.png-8ce34b1c2c49e3d6adfff3007d4c7d82.etc2.ctex[39m[0m
[   1% ] [90m[1msavepack[22m | Storing File: res://art/characters/divers_Main_Team_Rigging_2_4.png.import[39m[0m
[   1% ] [90m[1msavepack[22m | Storing File: res://.godot/imported/divers_Main_Team_Rigging_2_5.png-60299da2f8f7d636bb74332fba3ee16c.s3tc.ctex[39m[0m
[   1% ] [90m[1msavepack[22m | Storing File: res://.godot/imported/divers_Main_Team_Rigging_2_5.png-60299da2f8f7d636bb74332fba3ee16c.etc2.ctex[39m[0m
[   1% ] [90m[1msavepack[22m | Storing File: res://art/characters/divers_Main_Team_Rigging_2_5.png.import[39m[0m
[   2% ] [90m[1msavepack[22m | Storing File: res://.godot/imported/divers_Main_Team_Rigging_2_6.png-e0ebc504534015845950ea4b8c11e2a2.s3tc.ctex[39m[0m
[   2% ] [90m[1msavepack[22m | Storing File: res://.godot/imported/divers_Main_Team_Rigging_2_6.png-e0ebc504534015845950ea4b8c11e2a2.etc2.ctex[39m[0m
[   2% ] [90m[1msavepack[22m | Storing File: res://art/characters/divers_Main_Team_Rigging_2_6.png.import[39m[0m
[   2% ] [90m[1msavepack[22m | Storing File: res://.godot/imported/divers_Main_Team_Rigging_2_7.png-41af2de8729ff14602df97a9b3f11d4b.s3tc.ctex[39m[0m
[   2% ] [90m[1msavepack[22m | Storing File: res://.godot/imported/divers_Main_Team_Rigging_2_7.png-41af2de8729ff14602df97a9b3f11d4b.etc2.ctex[39m[0m
[   2% ] [90m[1msavepack[22m | Storing File: res://art/characters/divers_Main_Team_Rigging_2_7.png.import[39m[0m
[   2% ] [90m[1msavepack[22m | Storing File: res://.godot/imported/divers_Main_Team_Rigging_2_8.png-e5128e6dbcc06c5912666fc97c21f959.s3tc.ctex[39m[0m
[   2% ] [90m[1msavepack[22m | Storing File: res://.godot/imported/divers_Main_Team_Rigging_2_8.png-e5128e6dbcc06c5912666fc97c21f959.etc2.ctex[39m[0m
[   2% ] [90m[1msavepack[22m | Storing File: res://art/characters/divers_Main_Team_Rigging_2_8.png.import[39m[0m
[   2% ] [90m[1msavepack[22m | Storing File: res://.godot/imported/golden_energy_orb.glb-f0cb2ab77dfdaa581a0060d0ab5ed644.scn[39m[0m
[   2% ] [90m[1msavepack[22m | Storing File: res://art/characters/golden_energy_orb.glb.import[39m[0m
[   2% ] [90m[1msavepack[22m | Storing File: res://.godot/imported/Proto1_Rigged_0.png-64580eee28a0bf5ef76a2d652428d87b.ctex[39m[0m
[   2% ] [90m[1msavepack[22m | Storing File: res://art/characters/Proto1_Rigged_0.png.import[39m[0m
[   2% ] [90m[1msavepack[22m | Storing File: res://.godot/imported/Proto5_Rigged_0.png-d6ed9a7275e4b94de9b0f1322cbcdd0b.ctex[39m[0m
[   2% ] [90m[1msavepack[22m | Storing File: res://art/characters/Proto5_Rigged_0.png.import[39m[0m
[   3% ] [90m[1msavepack[22m | Storing File: res://.godot/imported/Prototype1_Rigged.fbx-7a766b94791773c27211c56fca8a3cbd.scn[39m[0m
[   3% ] [90m[1msavepack[22m | Storing File: res://art/characters/Prototype1_Rigged.fbx.import[39m[0m
[   3% ] [90m[1msavepack[22m | Storing File: res://.godot/imported/Prototype1_Rigged_0.png-6122adeace36dfa8b208462e441a4423.s3tc.ctex[39m[0m
[   3% ] [90m[1msavepack[22m | Storing File: res://.godot/imported/Prototype1_Rigged_0.png-6122adeace36dfa8b208462e441a4423.etc2.ctex[39m[0m
[   3% ] [90m[1msavepack[22m | Storing File: res://art/characters/Prototype1_Rigged_0.png.import[39m[0m
[   3% ] [90m[1msavepack[22m | Storing File: res://.godot/imported/PrototypeV_Rigged.fbx-50a2354e45a6a0380220a9782103a030.scn[39m[0m
[   3% ] [90m[1msavepack[22m | Storing File: res://art/characters/PrototypeV_Rigged.fbx.import[39m[0m
[   3% ] [90m[1msavepack[22m | Storing File: res://.godot/imported/PrototypeV_Rigged_0.png-e50f9065c0bbd7aca6d6174db9276884.s3tc.ctex[39m[0m
[   3% ] [90m[1msavepack[22m | Storing File: res://.godot/imported/PrototypeV_Rigged_0.png-e50f9065c0bbd7aca6d6174db9276884.etc2.ctex[39m[0m
[   3% ] [90m[1msavepack[22m | Storing File: res://art/characters/PrototypeV_Rigged_0.png.import[39m[0m
[   3% ] [90m[1msavepack[22m | Storing File: res://.godot/imported/Scuba_Rigged.fbx-ffde00f5dff1dcaa5b3e2c55f0974820.scn[39m[0m
[   3% ] [90m[1msavepack[22m | Storing File: res://art/characters/Scuba_Rigged.fbx.import[39m[0m
[   3% ] [90m[1msavepack[22m | Storing File: res://.godot/imported/Scuba_Rigged_0.png-9ba300afca74cc8a2f4ccb812cd63f7f.s3tc.ctex[39m[0m
[   3% ] [90m[1msavepack[22m | Storing File: res://.godot/imported/Scuba_Rigged_0.png-9ba300afca74cc8a2f4ccb812cd63f7f.etc2.ctex[39m[0m
[   3% ] [90m[1msavepack[22m | Storing File: res://art/characters/Scuba_Rigged_0.png.import[39m[0m
[   3% ] [90m[1msavepack[22m | Storing File: res://.godot/imported/Scuba_Rigged_1.png-0e4387e88a228d310e7974a74594a37c.s3tc.ctex[39m[0m
[   3% ] [90m[1msavepack[22m | Storing File: res://.godot/imported/Scuba_Rigged_1.png-0e4387e88a228d310e7974a74594a37c.etc2.ctex[39m[0m
[   3% ] [90m[1msavepack[22m | Storing File: res://art/characters/Scuba_Rigged_1.png.import[39m[0m
[   4% ] [90m[1msavepack[22m | Storing File: res://.godot/imported/Scuba_Rigged_2.png-e926f40c8b2485e8f5b2f43b86417471.s3tc.ctex[39m[0m
[   4% ] [90m[1msavepack[22m | Storing File: res://.godot/imported/Scuba_Rigged_2.png-e926f40c8b2485e8f5b2f43b86417471.etc2.ctex[39m[0m
[   4% ] [90m[1msavepack[22m | Storing File: res://art/characters/Scuba_Rigged_2.png.import[39m[0m
[   4% ] [90m[1msavepack[22m | Storing File: res://.godot/imported/Scuba_Rigged_3.png-efb976d5b4e1b9f22d90c6d18f3d3ada.s3tc.ctex[39m[0m
[   4% ] [90m[1msavepack[22m | Storing File: res://.godot/imported/Scuba_Rigged_3.png-efb976d5b4e1b9f22d90c6d18f3d3ada.etc2.ctex[39m[0m
[   4% ] [90m[1msavepack[22m | Storing File: res://art/characters/Scuba_Rigged_3.png.import[39m[0m
[   4% ] [90m[1msavepack[22m | Storing File: res://.godot/imported/Scuba_Rigged_4.png-70b482a77cfbbead82d518bd767a86ba.s3tc.ctex[39m[0m
[   4% ] [90m[1msavepack[22m | Storing File: res://.godot/imported/Scuba_Rigged_4.png-70b482a77cfbbead82d518bd767a86ba.etc2.ctex[39m[0m
[   4% ] [90m[1msavepack[22m | Storing File: res://art/characters/Scuba_Rigged_4.png.import[39m[0m
[   4% ] [90m[1msavepack[22m | Storing File: res://.godot/imported/Scuba_Rigged_5.png-3873ec02f593799695715ac9e87ac25e.s3tc.ctex[39m[0m
[   4% ] [90m[1msavepack[22m | Storing File: res://.godot/imported/Scuba_Rigged_5.png-3873ec02f593799695715ac9e87ac25e.etc2.ctex[39m[0m
[   4% ] [90m[1msavepack[22m | Storing File: res://art/characters/Scuba_Rigged_5.png.import[39m[0m
[   4% ] [90m[1msavepack[22m | Storing File: res://.godot/imported/Scuba_Rigged_6.png-0b7f4ff4c846e9dee0bc3ba224e6d80d.s3tc.ctex[39m[0m
[   4% ] [90m[1msavepack[22m | Storing File: res://.godot/imported/Scuba_Rigged_6.png-0b7f4ff4c846e9dee0bc3ba224e6d80d.etc2.ctex[39m[0m
[   4% ] [90m[1msavepack[22m | Storing File: res://art/characters/Scuba_Rigged_6.png.import[39m[0m
[   4% ] [90m[1msavepack[22m | Storing File: res://.godot/imported/Scuba_Rigged_7.png-0ccee23899efd2f58a45e983c3870ca1.ctex[39m[0m
[   4% ] [90m[1msavepack[22m | Storing File: res://art/characters/Scuba_Rigged_7.png.import[39m[0m
[   5% ] [90m[1msavepack[22m | Storing File: res://.godot/imported/Beach_assets1.fbx-4a3538d78d62e16c54961186ef82e9d3.scn[39m[0m
[   5% ] [90m[1msavepack[22m | Storing File: res://art/deep_zone/Beach_assets1.fbx.import[39m[0m
[   5% ] [90m[1msavepack[22m | Storing File: res://.godot/imported/Beach_assets1_0.png-74e422a4d6b39bbc011b57601930bf2d.ctex[39m[0m
[   5% ] [90m[1msavepack[22m | Storing File: res://art/deep_zone/Beach_assets1_0.png.import[39m[0m
[   5% ] [90m[1msavepack[22m | Storing File: res://.godot/imported/Beach_assets1_1.png-987ffca3c1000a2898733abeaf63b73f.ctex[39m[0m
[   5% ] [90m[1msavepack[22m | Storing File: res://art/deep_zone/Beach_assets1_1.png.import[39m[0m
[   5% ] [90m[1msavepack[22m | Storing File: res://.godot/imported/Beach_assets1_2.png-465903d5526333366ad384cc4e9f0b58.ctex[39m[0m
[   5% ] [90m[1msavepack[22m | Storing File: res://art/deep_zone/Beach_assets1_2.png.import[39m[0m
[   5% ] [90m[1msavepack[22m | Storing File: res://.godot/imported/Bomb_Bot.fbx-d0ede81365f0038e3ee6aaf249cda733.scn[39m[0m
[   5% ] [90m[1msavepack[22m | Storing File: res://art/deep_zone/Bomb_Bot.fbx.import[39m[0m
[   5% ] [90m[1msavepack[22m | Storing File: res://.godot/imported/Bomb_Bot_0.png-9a60f4186ecb7bd66eb86d61689fb1de.ctex[39m[0m
[   5% ] [90m[1msavepack[22m | Storing File: res://art/deep_zone/Bomb_Bot_0.png.import[39m[0m
[   5% ] [90m[1msavepack[22m | Storing File: res://.godot/imported/Broken_Office.fbx-6f990e0eeb6e0f49b7e9520c8b65dc17.scn[39m[0m
[   5% ] [90m[1msavepack[22m | Storing File: res://art/deep_zone/Broken_Office.fbx.import[39m[0m
[   6% ] [90m[1msavepack[22m | Storing File: res://.godot/imported/Broken_Office_0.png-8f71edb8788cd8258f9fb1a966b54dda.ctex[39m[0m
[   6% ] [90m[1msavepack[22m | Storing File: res://art/deep_zone/Broken_Office_0.png.import[39m[0m
[   6% ] [90m[1msavepack[22m | Storing File: res://.godot/imported/Broken_Office_1.png-74e6a6ac67273629e0bb0148f542e7c6.ctex[39m[0m
[   6% ] [90m[1msavepack[22m | Storing File: res://art/deep_zone/Broken_Office_1.png.import[39m[0m
[   6% ] [90m[1msavepack[22m | Storing File: res://.godot/imported/Broken_Office_2.png-a9f1a02d01b2062e1c8632c87e779885.ctex[39m[0m
[   6% ] [90m[1msavepack[22m | Storing File: res://art/deep_zone/Broken_Office_2.png.import[39m[0m
[   6% ] [90m[1msavepack[22m | Storing File: res://.godot/imported/Broken_Office_3.png-2f7a336b6fd9344725ff8da2f83ad553.ctex[39m[0m
[   6% ] [90m[1msavepack[22m | Storing File: res://art/deep_zone/Broken_Office_3.png.import[39m[0m
[   6% ] [90m[1msavepack[22m | Storing File: res://.godot/imported/Broken_Office_4.png-0f51f10f96952d074c4223882ba99154.ctex[39m[0m
[   6% ] [90m[1msavepack[22m | Storing File: res://art/deep_zone/Broken_Office_4.png.import[39m[0m
[   6% ] [90m[1msavepack[22m | Storing File: res://.godot/imported/Broken_Office_5.png-4526907e98770553d9d63ff53ea8f7c0.ctex[39m[0m
[   6% ] [90m[1msavepack[22m | Storing File: res://art/deep_zone/Broken_Office_5.png.import[39m[0m
[   7% ] [90m[1msavepack[22m | Storing File: res://.godot/imported/Corrected_Door.fbx-f3f231a6b8f53da733337fd50b4a67bc.scn[39m[0m
[   7% ] [90m[1msavepack[22m | Storing File: res://art/deep_zone/Corrected_Door.fbx.import[39m[0m
[   7% ] [90m[1msavepack[22m | Storing File: res://.godot/imported/Corrected_Door_0.png-85f9ecac1c5df7cb68d2b5ed94464ccc.ctex[39m[0m
[   7% ] [90m[1msavepack[22m | Storing File: res://art/deep_zone/Corrected_Door_0.png.import[39m[0m
[   7% ] [90m[1msavepack[22m | Storing File: res://.godot/imported/Octopus_Boss.fbx-7fdd45dea078936d49a6e789622c049f.scn[39m[0m
[   7% ] [90m[1msavepack[22m | Storing File: res://art/deep_zone/Octopus_Boss.fbx.import[39m[0m
[   7% ] [90m[1msavepack[22m | Storing File: res://.godot/imported/Octopus_Boss_0.png-6f49d1b4378279a54854ededcdb33ff9.ctex[39m[0m
[   7% ] [90m[1msavepack[22m | Storing File: res://art/deep_zone/Octopus_Boss_0.png.import[39m[0m
[   7% ] [90m[1msavepack[22m | Storing File: res://.godot/imported/Octopus_Boss_1.png-42709c3e502dd12d9c77b159d9ced256.ctex[39m[0m
[   7% ] [90m[1msavepack[22m | Storing File: res://art/deep_zone/Octopus_Boss_1.png.import[39m[0m
[   7% ] [90m[1msavepack[22m | Storing File: res://.godot/imported/Octopus_Boss_2.png-240984feb9005aa7cbd6eacaef2e0ad1.ctex[39m[0m
[   7% ] [90m[1msavepack[22m | Storing File: res://art/deep_zone/Octopus_Boss_2.png.import[39m[0m
[   8% ] [90m[1msavepack[22m | Storing File: res://.godot/imported/Octopus_Boss_3.png-0fe70cda548686fdfafa4f0045434321.ctex[39m[0m
[   8% ] [90m[1msavepack[22m | Storing File: res://art/deep_zone/Octopus_Boss_3.png.import[39m[0m
[   8% ] [90m[1msavepack[22m | Storing File: res://.godot/imported/Octopus_Boss_4.png-f76b5aad13d72b7a9465da1b8d3e6ef4.ctex[39m[0m
[   8% ] [90m[1msavepack[22m | Storing File: res://art/deep_zone/Octopus_Boss_4.png.import[39m[0m
[   8% ] [90m[1msavepack[22m | Storing File: res://.godot/imported/Octopus_Boss_5.png-fd2a5382b497b89d61c42953915c5fb0.ctex[39m[0m
[   8% ] [90m[1msavepack[22m | Storing File: res://art/deep_zone/Octopus_Boss_5.png.import[39m[0m
[   8% ] [90m[1msavepack[22m | Storing File: res://.godot/imported/Octopus_Boss_6.png-b47e66380c41b1d53a2fa14592fab4fc.ctex[39m[0m
[   8% ] [90m[1msavepack[22m | Storing File: res://art/deep_zone/Octopus_Boss_6.png.import[39m[0m
[   8% ] [90m[1msavepack[22m | Storing File: res://.godot/exported/133200997/export-848b60f520ae706a691885c8de81b7f4-octopus_prologue_frame.res[39m[0m
[   8% ] [90m[1msavepack[22m | Storing File: res://.godot/imported/Rocks.fbx-bf083308e8cf9802761efacb11a538cb.scn[39m[0m
[   8% ] [90m[1msavepack[22m | Storing File: res://art/deep_zone/Rocks.fbx.import[39m[0m
[   8% ] [90m[1msavepack[22m | Storing File: res://.godot/imported/Rocks_0.png-a431b396933e5fbee3bded8dea660d67.ctex[39m[0m
[   8% ] [90m[1msavepack[22m | Storing File: res://art/deep_zone/Rocks_0.png.import[39m[0m
[   9% ] [90m[1msavepack[22m | Storing File: res://.godot/imported/Rocks_1.png-a0a158da541e4af3461a55688319d6e1.ctex[39m[0m
[   9% ] [90m[1msavepack[22m | Storing File: res://art/deep_zone/Rocks_1.png.import[39m[0m
[   9% ] [90m[1msavepack[22m | Storing File: res://.godot/imported/Sword_Slayer.fbx-5a61cd0a062e11b1318dee48bb794a02.scn[39m[0m
[   9% ] [90m[1msavepack[22m | Storing File: res://art/deep_zone/Sword_Slayer.fbx.import[39m[0m
[   9% ] [90m[1msavepack[22m | Storing File: res://.godot/imported/Sword_Slayer_0.png-02cd45020f31a085acb77fda2ea6db53.ctex[39m[0m
[   9% ] [90m[1msavepack[22m | Storing File: res://art/deep_zone/Sword_Slayer_0.png.import[39m[0m
[   9% ] [90m[1msavepack[22m | Storing File: res://.godot/imported/battle_intro.ogg-d06b417f3e91bed1459b01469938ae7e.oggvorbisstr[39m[0m
[   9% ] [90m[1msavepack[22m | Storing File: res://audio/music/battle_intro.ogg.import[39m[0m
[   9% ] [90m[1msavepack[22m | Storing File: res://.godot/imported/battle_loop.ogg-d7f245d66beef2ef721cb2ea6f1866dd.oggvorbisstr[39m[0m
[   9% ] [90m[1msavepack[22m | Storing File: res://audio/music/battle_loop.ogg.import[39m[0m
[   9% ] [90m[1msavepack[22m | Storing File: res://.godot/imported/exploration_loop.ogg-93e97ee39eceb663b70a7f62d72a57ac.oggvorbisstr[39m[0m
[   9% ] [90m[1msavepack[22m | Storing File: res://audio/music/exploration_loop.ogg.import[39m[0m
[  10% ] [90m[1msavepack[22m | Storing File: res://.godot/imported/final_boss_intro.ogg-19f6e2695a7acb8ac3b2f85bf0b2ac52.oggvorbisstr[39m[0m
[  10% ] [90m[1msavepack[22m | Storing File: res://audio/music/final_boss_intro.ogg.import[39m[0m
[  10% ] [90m[1msavepack[22m | Storing File: res://.godot/imported/final_boss_loop.ogg-7127c98033a8957297bf84faad65e802.oggvorbisstr[39m[0m
[  10% ] [90m[1msavepack[22m | Storing File: res://audio/music/final_boss_loop.ogg.import[39m[0m
[  10% ] [90m[1msavepack[22m | Storing File: res://.godot/imported/game_over.ogg-6efae9ea8d833bef7f652fb317529bb9.oggvorbisstr[39m[0m
[  10% ] [90m[1msavepack[22m | Storing File: res://audio/music/game_over.ogg.import[39m[0m
[  10% ] [90m[1msavepack[22m | Storing File: res://.godot/imported/tethys_candidate_intro.ogg-299bdd995ab49d851132c7272d9d1356.oggvorbisstr[39m[0m
[  10% ] [90m[1msavepack[22m | Storing File: res://audio/music/tethys_candidate_intro.ogg.import[39m[0m
[  10% ] [90m[1msavepack[22m | Storing File: res://.godot/imported/tethys_loop.ogg-ff2595db687c631b266a7262db717278.oggvorbisstr[39m[0m
[  10% ] [90m[1msavepack[22m | Storing File: res://audio/music/tethys_loop.ogg.import[39m[0m
[  10% ] [90m[1msavepack[22m | Storing File: res://.godot/imported/title_candidate_intro.ogg-6230ec45cfca0b917ce1d19fd929746a.oggvorbisstr[39m[0m
[  10% ] [90m[1msavepack[22m | Storing File: res://audio/music/title_candidate_intro.ogg.import[39m[0m
[  10% ] [90m[1msavepack[22m | Storing File: res://.godot/imported/title_loop.ogg-7adb760bcaae6c9a02c77bf175a6a09c.oggvorbisstr[39m[0m
[  10% ] [90m[1msavepack[22m | Storing File: res://audio/music/title_loop.ogg.import[39m[0m
[  11% ] [90m[1msavepack[22m | Storing File: res://.godot/imported/victory_candidate_intro.ogg-f5931fb033e75c29d3d6a624202bf6b6.oggvorbisstr[39m[0m
[  11% ] [90m[1msavepack[22m | Storing File: res://audio/music/victory_candidate_intro.ogg.import[39m[0m
[  11% ] [90m[1msavepack[22m | Storing File: res://.godot/imported/victory_loop.ogg-40ac753d0a343b8241301bd80343d5de.oggvorbisstr[39m[0m
[  11% ] [90m[1msavepack[22m | Storing File: res://audio/music/victory_loop.ogg.import[39m[0m
[  11% ] [90m[1msavepack[22m | Storing File: res://.godot/imported/attack_swirl.ogg-8c61da403eb213590b8a8990806d25df.oggvorbisstr[39m[0m
[  11% ] [90m[1msavepack[22m | Storing File: res://audio/sfx/combat/attack_swirl.ogg.import[39m[0m
[  11% ] [90m[1msavepack[22m | Storing File: res://.godot/imported/fast_swish_01.ogg-6dce32980a6e89a28395259694afd60b.oggvorbisstr[39m[0m
[  11% ] [90m[1msavepack[22m | Storing File: res://audio/sfx/combat/fast_swish_01.ogg.import[39m[0m
[  11% ] [90m[1msavepack[22m | Storing File: res://.godot/imported/fast_swish_02.ogg-23ef7ca822f90844228382989fada642.oggvorbisstr[39m[0m
[  11% ] [90m[1msavepack[22m | Storing File: res://audio/sfx/combat/fast_swish_02.ogg.import[39m[0m
[  11% ] [90m[1msavepack[22m | Storing File: res://.godot/imported/fast_swish_03.ogg-97c8c07748547448e8c2ffee0890dd3a.oggvorbisstr[39m[0m
[  11% ] [90m[1msavepack[22m | Storing File: res://audio/sfx/combat/fast_swish_03.ogg.import[39m[0m
[  12% ] [90m[1msavepack[22m | Storing File: res://.godot/imported/fast_swish_04.ogg-7fba8ab410596ef01c867dbc78252029.oggvorbisstr[39m[0m
[  12% ] [90m[1msavepack[22m | Storing File: res://audio/sfx/combat/fast_swish_04.ogg.import[39m[0m
[  12% ] [90m[1msavepack[22m | Storing File: res://.godot/imported/fast_swish_05.ogg-bc597dd60255dd4739c8597850c07338.oggvorbisstr[39m[0m
[  12% ] [90m[1msavepack[22m | Storing File: res://audio/sfx/combat/fast_swish_05.ogg.import[39m[0m
[  12% ] [90m[1msavepack[22m | Storing File: res://.godot/imported/heavy_hit.ogg-83b6451bada914d7df405112ef909f0c.oggvorbisstr[39m[0m
[  12% ] [90m[1msavepack[22m | Storing File: res://audio/sfx/combat/heavy_hit.ogg.import[39m[0m
[  12% ] [90m[1msavepack[22m | Storing File: res://.godot/imported/shockwave_swirl.ogg-295ae44b33a9bc7ee580dded38ee2721.oggvorbisstr[39m[0m
[  12% ] [90m[1msavepack[22m | Storing File: res://audio/sfx/combat/shockwave_swirl.ogg.import[39m[0m
[  12% ] [90m[1msavepack[22m | Storing File: res://.godot/imported/swish_01.ogg-fc8829fb6a94cef9c47a8782a523e7b1.oggvorbisstr[39m[0m
[  12% ] [90m[1msavepack[22m | Storing File: res://audio/sfx/combat/swish_01.ogg.import[39m[0m
[  12% ] [90m[1msavepack[22m | Storing File: res://.godot/imported/swish_02.ogg-ed8dde5b5f0b59edc28c464ddd107607.oggvorbisstr[39m[0m
[  12% ] [90m[1msavepack[22m | Storing File: res://audio/sfx/combat/swish_02.ogg.import[39m[0m
[  13% ] [90m[1msavepack[22m | Storing File: res://.godot/imported/swish_03.ogg-08fa1f6a6f7257b6751e3c8d8156e9df.oggvorbisstr[39m[0m
[  13% ] [90m[1msavepack[22m | Storing File: res://audio/sfx/combat/swish_03.ogg.import[39m[0m
[  13% ] [90m[1msavepack[22m | Storing File: res://.godot/imported/swish_04.ogg-d8f41c858777d6a1bb98faaf23b09af0.oggvorbisstr[39m[0m
[  13% ] [90m[1msavepack[22m | Storing File: res://audio/sfx/combat/swish_04.ogg.import[39m[0m
[  13% ] [90m[1msavepack[22m | Storing File: res://.godot/imported/swish_05.ogg-5e3fe5f76048862ce393f77fe75162f5.oggvorbisstr[39m[0m
[  13% ] [90m[1msavepack[22m | Storing File: res://audio/sfx/combat/swish_05.ogg.import[39m[0m
[  13% ] [90m[1msavepack[22m | Storing File: res://.godot/imported/swish_06.ogg-ae631e96b563b19076aa7b9e9104cfa1.oggvorbisstr[39m[0m
[  13% ] [90m[1msavepack[22m | Storing File: res://audio/sfx/combat/swish_06.ogg.import[39m[0m
[  13% ] [90m[1msavepack[22m | Storing File: res://.godot/imported/click.wav-babb718aebaadaad352235068fb4a84d.sample[39m[0m
[  13% ] [90m[1msavepack[22m | Storing File: res://audio/sfx/ui/click.wav.import[39m[0m
[  13% ] [90m[1msavepack[22m | Storing File: res://.godot/imported/hover.wav-2f39c86b714f3aebc84edfc97aa5afc7.sample[39m[0m
[  13% ] [90m[1msavepack[22m | Storing File: res://audio/sfx/ui/hover.wav.import[39m[0m
[  13% ] [90m[1msavepack[22m | Storing File: res://.godot/imported/hover_soft.wav-1b01c22e38d2405fe31b0261c6472db4.sample[39m[0m
[  13% ] [90m[1msavepack[22m | Storing File: res://audio/sfx/ui/hover_soft.wav.import[39m[0m
[  14% ] [90m[1msavepack[22m | Storing File: res://.godot/imported/start_game.wav-04ecbb29bb0ddea1b58448d391bb34d5.sample[39m[0m
[  14% ] [90m[1msavepack[22m | Storing File: res://audio/sfx/ui/start_game.wav.import[39m[0m
[  14% ] [90m[1msavepack[22m | Storing File: res://.godot/imported/Angler_Fish.fbx-9242dcb73f7c747febe1ffea1e8182c2.scn[39m[0m
[  14% ] [90m[1msavepack[22m | Storing File: res://characters/Angler_Fish.fbx.import[39m[0m
[  14% ] [90m[1msavepack[22m | Storing File: res://.godot/imported/Angler_Fish_0.png-081e7581ba1f7266166192af9f5d1749.ctex[39m[0m
[  14% ] [90m[1msavepack[22m | Storing File: res://characters/Angler_Fish_0.png.import[39m[0m
[  14% ] [90m[1msavepack[22m | Storing File: res://.godot/imported/Angler_Fish_1.png-5b343bab7362843ffec609791a689686.ctex[39m[0m
[  14% ] [90m[1msavepack[22m | Storing File: res://characters/Angler_Fish_1.png.import[39m[0m
[  14% ] [90m[1msavepack[22m | Storing File: res://.godot/imported/GoblinGrunt.fbx-1c5d76ee0b2ec49c3d933fe3fbf1da37.scn[39m[0m
[  14% ] [90m[1msavepack[22m | Storing File: res://characters/GoblinGrunt.fbx.import[39m[0m
[  14% ] [90m[1msavepack[22m | Storing File: res://.godot/imported/GoblinGrunt_0.png-2cdfbdc235e59bd928ba860f29d4c201.s3tc.ctex[39m[0m
[  14% ] [90m[1msavepack[22m | Storing File: res://.godot/imported/GoblinGrunt_0.png-2cdfbdc235e59bd928ba860f29d4c201.etc2.ctex[39m[0m
[  14% ] [90m[1msavepack[22m | Storing File: res://characters/GoblinGrunt_0.png.import[39m[0m
[  15% ] [90m[1msavepack[22m | Storing File: res://.godot/imported/Mermaid_Freak.fbx-4bb994dfd7c5630625c1c8d9b6ef3e5c.scn[39m[0m
[  15% ] [90m[1msavepack[22m | Storing File: res://characters/Mermaid_Freak.fbx.import[39m[0m
[  15% ] [90m[1msavepack[22m | Storing File: res://.godot/imported/Sword_Duelist.fbx-0bfe75a586deb55ba528bfbc9fa7ab23.scn[39m[0m
[  15% ] [90m[1msavepack[22m | Storing File: res://characters/Sword_Duelist.fbx.import[39m[0m
[  15% ] [90m[1msavepack[22m | Storing File: res://.godot/imported/Sword_Duelist_0.png-970e4f9ae057082f67133573860fd6ee.ctex[39m[0m
[  15% ] [90m[1msavepack[22m | Storing File: res://characters/Sword_Duelist_0.png.import[39m[0m
[  15% ] [90m[1msavepack[22m | Storing File: res://content/cast.gdc[39m[0m
[  15% ] [90m[1msavepack[22m | Storing File: res://content/combat_moves.gdc[39m[0m
[  15% ] [90m[1msavepack[22m | Storing File: res://content/deep_zone_layout.gdc[39m[0m
[  15% ] [90m[1msavepack[22m | Storing File: res://content/enemy_moves.gdc[39m[0m
[  16% ] [90m[1msavepack[22m | Storing File: res://content/enemy_roster.gdc[39m[0m
[  16% ] [90m[1msavepack[22m | Storing File: res://content/sites.gdc[39m[0m
[  16% ] [90m[1msavepack[22m | Storing File: res://content/tutorial_content.gdc[39m[0m
[  16% ] [90m[1msavepack[22m | Storing File: res://.godot/imported/03e-victory-beat.png-ef444b013f26e4b8855644fa8a2fe67a.ctex[39m[0m
[  16% ] [90m[1msavepack[22m | Storing File: res://docs/evidence/angler-victory-bridge/browser/03e-victory-beat.png.import[39m[0m
[  16% ] [90m[1msavepack[22m | Storing File: res://.godot/imported/03f-victory-noticed.png-7512ef2dc0c31367efe45e82238ca9c4.ctex[39m[0m
[  16% ] [90m[1msavepack[22m | Storing File: res://docs/evidence/angler-victory-bridge/browser/03f-victory-noticed.png.import[39m[0m
[  16% ] [90m[1msavepack[22m | Storing File: res://.godot/imported/03g-something-stirs.png-d0bd9518b08aee737c23d0e94e39fb50.ctex[39m[0m
[  16% ] [90m[1msavepack[22m | Storing File: res://docs/evidence/angler-victory-bridge/browser/03g-something-stirs.png.import[39m[0m
[  17% ] [90m[1msavepack[22m | Storing File: res://.godot/imported/08-recovery.png-a680a1c8924148dbf8729bf4a381435e.ctex[39m[0m
[  17% ] [90m[1msavepack[22m | Storing File: res://docs/evidence/angler-victory-bridge/browser/08-recovery.png.import[39m[0m
[  17% ] [90m[1msavepack[22m | Storing File: res://.godot/imported/12-loaded-world.png-7699cc2dc47367adf80dea7463eb2cf2.ctex[39m[0m
[  17% ] [90m[1msavepack[22m | Storing File: res://docs/evidence/angler-victory-bridge/browser/12-loaded-world.png.import[39m[0m
[  17% ] [90m[1msavepack[22m | Storing File: res://docs/evidence/angler-victory-bridge/browser/result.json[39m[0m
[  17% ] [90m[1msavepack[22m | Storing File: res://.godot/imported/angler-victory-notice-720x480.png-5742b2282ded70e520fbeb9e832f609e.ctex[39m[0m
[  17% ] [90m[1msavepack[22m | Storing File: res://docs/evidence/angler-victory-bridge/angler-victory-notice-720x480.png.import[39m[0m
[  17% ] [90m[1msavepack[22m | Storing File: res://.godot/imported/angler-victory-notice-1280x720.png-a6ce203177f549bbd43bfb050eb4fe81.ctex[39m[0m
[  17% ] [90m[1msavepack[22m | Storing File: res://docs/evidence/angler-victory-bridge/angler-victory-notice-1280x720.png.import[39m[0m
[  17% ] [90m[1msavepack[22m | Storing File: res://.godot/imported/angler-victory-omen-720x480.png-8d137f1da7874764a9bcc858fb28da9a.ctex[39m[0m
[  17% ] [90m[1msavepack[22m | Storing File: res://docs/evidence/angler-victory-bridge/angler-victory-omen-720x480.png.import[39m[0m
[  18% ] [90m[1msavepack[22m | Storing File: res://.godot/imported/angler-victory-omen-1280x720.png-ee4e01eb4e1515ccc2b60ce4879352d9.ctex[39m[0m
[  18% ] [90m[1msavepack[22m | Storing File: res://docs/evidence/angler-victory-bridge/angler-victory-omen-1280x720.png.import[39m[0m
[  18% ] [90m[1msavepack[22m | Storing File: res://.godot/imported/angler-victory-victory-720x480.png-a7580a780f8c56bf5a6dc930d05d1069.ctex[39m[0m
[  18% ] [90m[1msavepack[22m | Storing File: res://docs/evidence/angler-victory-bridge/angler-victory-victory-720x480.png.import[39m[0m
[  18% ] [90m[1msavepack[22m | Storing File: res://.godot/imported/angler-victory-victory-1280x720.png-a6bca5845c90f30d15d281a1e4cf1d15.ctex[39m[0m
[  18% ] [90m[1msavepack[22m | Storing File: res://docs/evidence/angler-victory-bridge/angler-victory-victory-1280x720.png.import[39m[0m
[  18% ] [90m[1msavepack[22m | Storing File: res://.godot/imported/audio-settings-1280x720.png-cadb16ec5946100836ff5cb27c92b210.ctex[39m[0m
[  18% ] [90m[1msavepack[22m | Storing File: res://docs/evidence/audio-settings/audio-settings-1280x720.png.import[39m[0m
[  18% ] [90m[1msavepack[22m | Storing File: res://.godot/imported/puzzle-contact.png-faf2ae95dfd2f82d3d7e90c9fe87ee76.ctex[39m[0m
[  18% ] [90m[1msavepack[22m | Storing File: res://docs/evidence/bucky-tab-hint/browser/puzzle-contact.png.import[39m[0m
[  18% ] [90m[1msavepack[22m | Storing File: res://docs/evidence/bucky-tab-hint/browser/result.json[39m[0m
[  18% ] [90m[1msavepack[22m | Storing File: res://.godot/imported/wall-broken.png-d23e8db632d1b3c055996c0288caf3f9.ctex[39m[0m
[  18% ] [90m[1msavepack[22m | Storing File: res://docs/evidence/bucky-tab-hint/browser/wall-broken.png.import[39m[0m
[  19% ] [90m[1msavepack[22m | Storing File: res://.godot/imported/puzzle-720x480.png-900a4b99f3a3fd10f8b50bdb1c815ea2.ctex[39m[0m
[  19% ] [90m[1msavepack[22m | Storing File: res://docs/evidence/bucky-tab-hint/puzzle-720x480.png.import[39m[0m
[  19% ] [90m[1msavepack[22m | Storing File: res://.godot/imported/puzzle-1280x720.png-4d7d98eaa31462a39904448d4f8b40cc.ctex[39m[0m
[  19% ] [90m[1msavepack[22m | Storing File: res://docs/evidence/bucky-tab-hint/puzzle-1280x720.png.import[39m[0m
[  19% ] [90m[1msavepack[22m | Storing File: res://.godot/imported/bomb-bot.png-a49ab7d8d8ac6b9341f4ddab79ec39fe.ctex[39m[0m
[  19% ] [90m[1msavepack[22m | Storing File: res://docs/evidence/deep-zone-assets/bomb-bot.png.import[39m[0m
[  19% ] [90m[1msavepack[22m | Storing File: res://.godot/imported/broken-office.png-26369c5e8df24942a7b0e163b1e3df67.ctex[39m[0m
[  19% ] [90m[1msavepack[22m | Storing File: res://docs/evidence/deep-zone-assets/broken-office.png.import[39m[0m
[  19% ] [90m[1msavepack[22m | Storing File: res://.godot/imported/sword-slayer.png-5c9e0873592f0f63ede0f1f4bb9b29ca.ctex[39m[0m
[  19% ] [90m[1msavepack[22m | Storing File: res://docs/evidence/deep-zone-assets/sword-slayer.png.import[39m[0m
[  19% ] [90m[1msavepack[22m | Storing File: res://.godot/imported/battle-bomb-bot-1280x720.png-d910ee24f135a5b2f3506d76b47b78d1.ctex[39m[0m
[  19% ] [90m[1msavepack[22m | Storing File: res://docs/evidence/deep-zone-blockers/battle-bomb-bot-1280x720.png.import[39m[0m
[  20% ] [90m[1msavepack[22m | Storing File: res://.godot/imported/battle-sword-slayer-1280x720.png-3660c85dbb0e8545e3ffe5ebe19a7b12.ctex[39m[0m
[  20% ] [90m[1msavepack[22m | Storing File: res://docs/evidence/deep-zone-blockers/battle-sword-slayer-1280x720.png.import[39m[0m
[  20% ] [90m[1msavepack[22m | Storing File: res://.godot/imported/world-bomb-720x480.png-daaea776fc5938720f4345b69b95429f.ctex[39m[0m
[  20% ] [90m[1msavepack[22m | Storing File: res://docs/evidence/deep-zone-blockers/world-bomb-720x480.png.import[39m[0m
[  20% ] [90m[1msavepack[22m | Storing File: res://.godot/imported/world-bomb-1280x720.png-5f9f452cf4f8cda57c2e9bf21ae6e87e.ctex[39m[0m
[  20% ] [90m[1msavepack[22m | Storing File: res://docs/evidence/deep-zone-blockers/world-bomb-1280x720.png.import[39m[0m
[  20% ] [90m[1msavepack[22m | Storing File: res://.godot/imported/world-lab-open-720x480.png-0e12b1cf0d04be27ce49a1eb6b77bed5.ctex[39m[0m
[  20% ] [90m[1msavepack[22m | Storing File: res://docs/evidence/deep-zone-blockers/world-lab-open-720x480.png.import[39m[0m
[  20% ] [90m[1msavepack[22m | Storing File: res://.godot/imported/world-lab-open-1280x720.png-6c83977ab9541888e42338d96fc2f37f.ctex[39m[0m
[  20% ] [90m[1msavepack[22m | Storing File: res://docs/evidence/deep-zone-blockers/world-lab-open-1280x720.png.import[39m[0m
[  20% ] [90m[1msavepack[22m | Storing File: res://.godot/imported/world-maze-720x480.png-c5047f4c50bafa86c227188a15c88016.ctex[39m[0m
[  20% ] [90m[1msavepack[22m | Storing File: res://docs/evidence/deep-zone-blockers/world-maze-720x480.png.import[39m[0m
[  20% ] [90m[1msavepack[22m | Storing File: res://.godot/imported/world-maze-1280x720.png-d6683c6aaa94fafe00b2d26cf1a2fa9f.ctex[39m[0m
[  20% ] [90m[1msavepack[22m | Storing File: res://docs/evidence/deep-zone-blockers/world-maze-1280x720.png.import[39m[0m
[  21% ] [90m[1msavepack[22m | Storing File: res://.godot/imported/world-sword-720x480.png-3e9b24c64cc4e2b917e6f2e7c1615d5a.ctex[39m[0m
[  21% ] [90m[1msavepack[22m | Storing File: res://docs/evidence/deep-zone-blockers/world-sword-720x480.png.import[39m[0m
[  21% ] [90m[1msavepack[22m | Storing File: res://.godot/imported/world-sword-1280x720.png-9b5730c13067bee2ac05c8ba576ad57e.ctex[39m[0m
[  21% ] [90m[1msavepack[22m | Storing File: res://docs/evidence/deep-zone-blockers/world-sword-1280x720.png.import[39m[0m
[  21% ] [90m[1msavepack[22m | Storing File: res://.godot/imported/bomb-gradient.png-1aa144b50498ba21f7afa464e740cd5d.ctex[39m[0m
[  21% ] [90m[1msavepack[22m | Storing File: res://docs/evidence/deep-zone-marc-review/bomb-gradient.png.import[39m[0m
[  21% ] [90m[1msavepack[22m | Storing File: res://.godot/imported/entry-gradient.png-a5521e0282263cd401831e04aa3c23e3.ctex[39m[0m
[  21% ] [90m[1msavepack[22m | Storing File: res://docs/evidence/deep-zone-marc-review/entry-gradient.png.import[39m[0m
[  21% ] [90m[1msavepack[22m | Storing File: res://.godot/imported/lab-gradient.png-594bd4546ebf1b2b8ba693ccb49f24b0.ctex[39m[0m
[  21% ] [90m[1msavepack[22m | Storing File: res://docs/evidence/deep-zone-marc-review/lab-gradient.png.import[39m[0m
[  21% ] [90m[1msavepack[22m | Storing File: res://.godot/imported/entry-palms-720x480.png-b8daf93586a1c4c758550526cd3f04e4.ctex[39m[0m
[  21% ] [90m[1msavepack[22m | Storing File: res://docs/evidence/deep-zone-route/entry-palms-720x480.png.import[39m[0m
[  22% ] [90m[1msavepack[22m | Storing File: res://.godot/imported/entry-palms.png-4184f31317219fa9735f93fc8cdbc751.ctex[39m[0m
[  22% ] [90m[1msavepack[22m | Storing File: res://docs/evidence/deep-zone-route/entry-palms.png.import[39m[0m
[  22% ] [90m[1msavepack[22m | Storing File: res://.godot/imported/entry.png-19946a14ed14fa4e4458357130e33497.ctex[39m[0m
[  22% ] [90m[1msavepack[22m | Storing File: res://docs/evidence/deep-zone-route/entry.png.import[39m[0m
[  22% ] [90m[1msavepack[22m | Storing File: res://.godot/imported/lab-approach.png-ce0c12dff287d6f211f47b09f8e98382.ctex[39m[0m
[  22% ] [90m[1msavepack[22m | Storing File: res://docs/evidence/deep-zone-route/lab-approach.png.import[39m[0m
[  22% ] [90m[1msavepack[22m | Storing File: res://.godot/imported/lab-close.png-4fffe1ac30ced79dd94eb27b9db3b86b.ctex[39m[0m
[  22% ] [90m[1msavepack[22m | Storing File: res://docs/evidence/deep-zone-route/lab-close.png.import[39m[0m
[  22% ] [90m[1msavepack[22m | Storing File: res://.godot/imported/lab-door-approach.png-9aab48aa958419709f0659b925c92d72.ctex[39m[0m
[  22% ] [90m[1msavepack[22m | Storing File: res://docs/evidence/deep-zone-route/lab-door-approach.png.import[39m[0m
[  22% ] [90m[1msavepack[22m | Storing File: res://.godot/imported/lab-door-close.png-236406c715baea8a192ee2ec501af9a5.ctex[39m[0m
[  22% ] [90m[1msavepack[22m | Storing File: res://docs/evidence/deep-zone-route/lab-door-close.png.import[39m[0m
[  22% ] [90m[1msavepack[22m | Storing File: res://.godot/imported/lab-door-final-720x480.png-2ee1ca55f79fc210296c081f7c0bdb4b.ctex[39m[0m
[  22% ] [90m[1msavepack[22m | Storing File: res://docs/evidence/deep-zone-route/lab-door-final-720x480.png.import[39m[0m
[  23% ] [90m[1msavepack[22m | Storing File: res://.godot/imported/lab-door-final.png-f30047325fa01ed1190d424b6f192ca2.ctex[39m[0m
[  23% ] [90m[1msavepack[22m | Storing File: res://docs/evidence/deep-zone-route/lab-door-final.png.import[39m[0m
[  23% ] [90m[1msavepack[22m | Storing File: res://.godot/imported/maze-palms-720x480.png-104c80f691d5b663c07d18e7b3311bb3.ctex[39m[0m
[  23% ] [90m[1msavepack[22m | Storing File: res://docs/evidence/deep-zone-route/maze-palms-720x480.png.import[39m[0m
[  23% ] [90m[1msavepack[22m | Storing File: res://.godot/imported/maze-palms.png-104c07a584ce004fa326807f05d21813.ctex[39m[0m
[  23% ] [90m[1msavepack[22m | Storing File: res://docs/evidence/deep-zone-route/maze-palms.png.import[39m[0m
[  23% ] [90m[1msavepack[22m | Storing File: res://.godot/imported/maze-transition.png-c3de95d5f0e4d3788445dbf7a545cb26.ctex[39m[0m
[  23% ] [90m[1msavepack[22m | Storing File: res://docs/evidence/deep-zone-route/maze-transition.png.import[39m[0m
[  23% ] [90m[1msavepack[22m | Storing File: res://.godot/imported/01-title.png-28877497c8449594e0805a662e721e14.ctex[39m[0m
[  23% ] [90m[1msavepack[22m | Storing File: res://docs/evidence/escape-encounter-cue/browser/01-title.png.import[39m[0m
[  23% ] [90m[1msavepack[22m | Storing File: res://.godot/imported/02-mermaid.png-e0af8468534b0d95d5c9405351c58848.ctex[39m[0m
[  23% ] [90m[1msavepack[22m | Storing File: res://docs/evidence/escape-encounter-cue/browser/02-mermaid.png.import[39m[0m
[  24% ] [90m[1msavepack[22m | Storing File: res://.godot/imported/03-angler.png-0bdfa7287d6c0743c9f64c6e78d5529a.ctex[39m[0m
[  24% ] [90m[1msavepack[22m | Storing File: res://docs/evidence/escape-encounter-cue/browser/03-angler.png.import[39m[0m
[  24% ] [90m[1msavepack[22m | Storing File: res://.godot/imported/03a-angler-move-menu.png-3348ff0c8e22dba1e8557756025297b2.ctex[39m[0m
[  24% ] [90m[1msavepack[22m | Storing File: res://docs/evidence/escape-encounter-cue/browser/03a-angler-move-menu.png.import[39m[0m
[  24% ] [90m[1msavepack[22m | Storing File: res://.godot/imported/03a-angler-target-menu.png-95859d900fe20ebbc0476db33741bd06.ctex[39m[0m
[  24% ] [90m[1msavepack[22m | Storing File: res://docs/evidence/escape-encounter-cue/browser/03a-angler-target-menu.png.import[39m[0m
[  24% ] [90m[1msavepack[22m | Storing File: res://.godot/imported/03b-nonlethal-angler.png-ddac94ea5dc123f03e6eb336fdcc6e3e.ctex[39m[0m
[  24% ] [90m[1msavepack[22m | Storing File: res://docs/evidence/escape-encounter-cue/browser/03b-nonlethal-angler.png.import[39m[0m
[  24% ] [90m[1msavepack[22m | Storing File: res://.godot/imported/03c-next-turn.png-998df4debac45e063ad6c5fee8058b76.ctex[39m[0m
[  24% ] [90m[1msavepack[22m | Storing File: res://docs/evidence/escape-encounter-cue/browser/03c-next-turn.png.import[39m[0m
[  24% ] [90m[1msavepack[22m | Storing File: res://.godot/imported/03d-second-angler-action-move-menu.png-e27d412ca9879fcd5d716f0153723b58.ctex[39m[0m
[  24% ] [90m[1msavepack[22m | Storing File: res://docs/evidence/escape-encounter-cue/browser/03d-second-angler-action-move-menu.png.import[39m[0m
[  25% ] [90m[1msavepack[22m | Storing File: res://.godot/imported/03d-second-angler-action-target-menu.png-d1df7fc44aaaefdc6c2376a02493ff83.ctex[39m[0m
[  25% ] [90m[1msavepack[22m | Storing File: res://docs/evidence/escape-encounter-cue/browser/03d-second-angler-action-target-menu.png.import[39m[0m
[  25% ] [90m[1msavepack[22m | Storing File: res://.godot/imported/04-octopus-introduction.png-9848ee1f43ccf33920fa5c7da134d766.ctex[39m[0m
[  25% ] [90m[1msavepack[22m | Storing File: res://docs/evidence/escape-encounter-cue/browser/04-octopus-introduction.png.import[39m[0m
[  25% ] [90m[1msavepack[22m | Storing File: res://.godot/imported/05-cordys.png-a23cf30e88fd32f935792da94485f13a.ctex[39m[0m
[  25% ] [90m[1msavepack[22m | Storing File: res://docs/evidence/escape-encounter-cue/browser/05-cordys.png.import[39m[0m
[  25% ] [90m[1msavepack[22m | Storing File: res://.godot/imported/05a-cordys-move-menu.png-fc6c6e8a5ec841a2cc0bade7fa8805af.ctex[39m[0m
[  25% ] [90m[1msavepack[22m | Storing File: res://docs/evidence/escape-encounter-cue/browser/05a-cordys-move-menu.png.import[39m[0m
[  25% ] [90m[1msavepack[22m | Storing File: res://.godot/imported/05a-cordys-target-menu.png-89511d8b08cbbf28978c4e4529d393c5.ctex[39m[0m
[  25% ] [90m[1msavepack[22m | Storing File: res://docs/evidence/escape-encounter-cue/browser/05a-cordys-target-menu.png.import[39m[0m
[  25% ] [90m[1msavepack[22m | Storing File: res://.godot/imported/05b-real-impact.png-9b6cc01b3b628840c4461aa4a58d6046.ctex[39m[0m
[  25% ] [90m[1msavepack[22m | Storing File: res://docs/evidence/escape-encounter-cue/browser/05b-real-impact.png.import[39m[0m
[  25% ] [90m[1msavepack[22m | Storing File: res://.godot/imported/06-finisher.png-9e57fd3b41e286d828bd6c4912d6dfce.ctex[39m[0m
[  25% ] [90m[1msavepack[22m | Storing File: res://docs/evidence/escape-encounter-cue/browser/06-finisher.png.import[39m[0m
[  26% ] [90m[1msavepack[22m | Storing File: res://.godot/imported/07-aftermath.png-55dc3a7b8543c83ef6735acef02d047f.ctex[39m[0m
[  26% ] [90m[1msavepack[22m | Storing File: res://docs/evidence/escape-encounter-cue/browser/07-aftermath.png.import[39m[0m
[  26% ] [90m[1msavepack[22m | Storing File: res://.godot/imported/08-recovery.png-52df489f4f0d88b2faae8031812afa8a.ctex[39m[0m
[  26% ] [90m[1msavepack[22m | Storing File: res://docs/evidence/escape-encounter-cue/browser/08-recovery.png.import[39m[0m
[  26% ] [90m[1msavepack[22m | Storing File: res://.godot/imported/09-optional-training.png-3dbeccbd55253e195e501333f19832d4.ctex[39m[0m
[  26% ] [90m[1msavepack[22m | Storing File: res://docs/evidence/escape-encounter-cue/browser/09-optional-training.png.import[39m[0m
[  26% ] [90m[1msavepack[22m | Storing File: res://.godot/imported/10-reloaded-title.png-3ca69140b41e2e8f7ef37a8f47c8b007.ctex[39m[0m
[  26% ] [90m[1msavepack[22m | Storing File: res://docs/evidence/escape-encounter-cue/browser/10-reloaded-title.png.import[39m[0m
[  26% ] [90m[1msavepack[22m | Storing File: res://.godot/imported/11-load-slots.png-bf68105ebfac70bef37eaf20da4a39e6.ctex[39m[0m
[  26% ] [90m[1msavepack[22m | Storing File: res://docs/evidence/escape-encounter-cue/browser/11-load-slots.png.import[39m[0m
[  26% ] [90m[1msavepack[22m | Storing File: res://.godot/imported/12-loaded-world.png-773fd27caab1993c7a66469e9a2650a8.ctex[39m[0m
[  26% ] [90m[1msavepack[22m | Storing File: res://docs/evidence/escape-encounter-cue/browser/12-loaded-world.png.import[39m[0m
[  27% ] [90m[1msavepack[22m | Storing File: res://.godot/imported/18-swimming-to-encounter.png-98bb1c2b89e0805481c70a2949ccee88.ctex[39m[0m
[  27% ] [90m[1msavepack[22m | Storing File: res://docs/evidence/escape-encounter-cue/browser/18-swimming-to-encounter.png.import[39m[0m
[  27% ] [90m[1msavepack[22m | Storing File: res://.godot/imported/19-run-menu.png-34cb78e007c037dcbead0d9262ed5706.ctex[39m[0m
[  27% ] [90m[1msavepack[22m | Storing File: res://docs/evidence/escape-encounter-cue/browser/19-run-menu.png.import[39m[0m
[  27% ] [90m[1msavepack[22m | Storing File: res://.godot/imported/20-run-outcome.png-212637ddbacde437694994e5795d3748.ctex[39m[0m
[  27% ] [90m[1msavepack[22m | Storing File: res://docs/evidence/escape-encounter-cue/browser/20-run-outcome.png.import[39m[0m
[  27% ] [90m[1msavepack[22m | Storing File: res://.godot/imported/21-escape-cue-on.png-93f0dc1905269b2cbe84aafc840b7ce7.ctex[39m[0m
[  27% ] [90m[1msavepack[22m | Storing File: res://docs/evidence/escape-encounter-cue/browser/21-escape-cue-on.png.import[39m[0m
[  27% ] [90m[1msavepack[22m | Storing File: res://.godot/imported/22-escape-cue-off.png-81bee4e9fe8ba263370b05a5b5597cd9.ctex[39m[0m
[  27% ] [90m[1msavepack[22m | Storing File: res://docs/evidence/escape-encounter-cue/browser/22-escape-cue-off.png.import[39m[0m
[  27% ] [90m[1msavepack[22m | Storing File: res://.godot/imported/23-escape-cue-expired.png-61ad8d1d113e62f03057ab8cc9a3a442.ctex[39m[0m
[  27% ] [90m[1msavepack[22m | Storing File: res://docs/evidence/escape-encounter-cue/browser/23-escape-cue-expired.png.import[39m[0m
[  27% ] [90m[1msavepack[22m | Storing File: res://docs/evidence/escape-encounter-cue/browser/result.json[39m[0m
[  28% ] [90m[1msavepack[22m | Storing File: res://.godot/imported/escape-cue-off-720x480.png-90a8bc23736c780ca9586512bee06d2f.ctex[39m[0m
[  28% ] [90m[1msavepack[22m | Storing File: res://docs/evidence/escape-encounter-cue/escape-cue-off-720x480.png.import[39m[0m
[  28% ] [90m[1msavepack[22m | Storing File: res://.godot/imported/escape-cue-off-1280x720.png-b2b82067a4feac246b49e02714581c74.ctex[39m[0m
[  28% ] [90m[1msavepack[22m | Storing File: res://docs/evidence/escape-encounter-cue/escape-cue-off-1280x720.png.import[39m[0m
[  28% ] [90m[1msavepack[22m | Storing File: res://.godot/imported/escape-cue-on-720x480.png-94bb47128b4384fcd23c70b2ed165314.ctex[39m[0m
[  28% ] [90m[1msavepack[22m | Storing File: res://docs/evidence/escape-encounter-cue/escape-cue-on-720x480.png.import[39m[0m
[  28% ] [90m[1msavepack[22m | Storing File: res://.godot/imported/escape-cue-on-1280x720.png-e5c38484469fb5d73bafe4c8b52aa3ca.ctex[39m[0m
[  28% ] [90m[1msavepack[22m | Storing File: res://docs/evidence/escape-encounter-cue/escape-cue-on-1280x720.png.import[39m[0m
[  28% ] [90m[1msavepack[22m | Storing File: res://.godot/imported/tethys-narrow.png-57a1091888abbc226845aa2f0f6664a5.ctex[39m[0m
[  28% ] [90m[1msavepack[22m | Storing File: res://docs/evidence/lab-arena/tethys-narrow.png.import[39m[0m
[  28% ] [90m[1msavepack[22m | Storing File: res://.godot/imported/tethys-wide.png-aa94d031c08e4144a0ad930f58b0bda7.ctex[39m[0m
[  28% ] [90m[1msavepack[22m | Storing File: res://docs/evidence/lab-arena/tethys-wide.png.import[39m[0m
[  29% ] [90m[1msavepack[22m | Storing File: res://.godot/imported/octopus-godot-head-bash.png-957d92af2eabc108ac7bf935c3fd8a28.ctex[39m[0m
[  29% ] [90m[1msavepack[22m | Storing File: res://docs/evidence/octopus-intake/octopus-godot-head-bash.png.import[39m[0m
[  29% ] [90m[1msavepack[22m | Storing File: res://.godot/imported/octopus-godot-idle.png-ff56052f9f7c38c64ad362e20a5643a4.ctex[39m[0m
[  29% ] [90m[1msavepack[22m | Storing File: res://docs/evidence/octopus-intake/octopus-godot-idle.png.import[39m[0m
[  29% ] [90m[1msavepack[22m | Storing File: res://.godot/imported/octopus-godot-poison-breath.png-45e2f2ed6c291a66abffa7fe23d90aa0.ctex[39m[0m
[  29% ] [90m[1msavepack[22m | Storing File: res://docs/evidence/octopus-intake/octopus-godot-poison-breath.png.import[39m[0m
[  29% ] [90m[1msavepack[22m | Storing File: res://.godot/imported/octopus-godot-spinning-slay.png-222c0b8e2b7b052e6810e3109a682d48.ctex[39m[0m
[  29% ] [90m[1msavepack[22m | Storing File: res://docs/evidence/octopus-intake/octopus-godot-spinning-slay.png.import[39m[0m
[  29% ] [90m[1msavepack[22m | Storing File: res://.godot/imported/octopus-v3-timed.jpg-bef58ab670eb647754f2b2986ca1b984.ctex[39m[0m
[  29% ] [90m[1msavepack[22m | Storing File: res://docs/evidence/octopus-intake/octopus-v3-timed.jpg.import[39m[0m
[  29% ] [90m[1msavepack[22m | Storing File: res://.godot/imported/sfx-waveforms.png-a7a9fbe02b1dd259456a58e610085afb.ctex[39m[0m
[  29% ] [90m[1msavepack[22m | Storing File: res://docs/evidence/octopus-intake/sfx-waveforms.png.import[39m[0m
[  30% ] [90m[1msavepack[22m | Storing File: res://.godot/imported/01-title.png-a4a8a79bb3cb091850034ad99912ed9b.ctex[39m[0m
[  30% ] [90m[1msavepack[22m | Storing File: res://docs/evidence/opening-angler-normal-rules/browser/01-title.png.import[39m[0m
[  30% ] [90m[1msavepack[22m | Storing File: res://.godot/imported/02-mermaid.png-db0a0a07ee3a31ff4a33878569cc2dc3.ctex[39m[0m
[  30% ] [90m[1msavepack[22m | Storing File: res://docs/evidence/opening-angler-normal-rules/browser/02-mermaid.png.import[39m[0m
[  30% ] [90m[1msavepack[22m | Storing File: res://.godot/imported/03-angler.png-02b29a0e2596cc007c12903239d59463.ctex[39m[0m
[  30% ] [90m[1msavepack[22m | Storing File: res://docs/evidence/opening-angler-normal-rules/browser/03-angler.png.import[39m[0m
[  30% ] [90m[1msavepack[22m | Storing File: res://.godot/imported/03a-angler-move-menu.png-dbaca022b27b2129dd32cf70cc2408cb.ctex[39m[0m
[  30% ] [90m[1msavepack[22m | Storing File: res://docs/evidence/opening-angler-normal-rules/browser/03a-angler-move-menu.png.import[39m[0m
[  30% ] [90m[1msavepack[22m | Storing File: res://.godot/imported/03a-angler-target-menu.png-15f0833a1774c9b5c7e9a1f470475400.ctex[39m[0m
[  30% ] [90m[1msavepack[22m | Storing File: res://docs/evidence/opening-angler-normal-rules/browser/03a-angler-target-menu.png.import[39m[0m
[  30% ] [90m[1msavepack[22m | Storing File: res://.godot/imported/03b-nonlethal-angler.png-7a0f04b59048a4bc17d5b39fb54056a1.ctex[39m[0m
[  30% ] [90m[1msavepack[22m | Storing File: res://docs/evidence/opening-angler-normal-rules/browser/03b-nonlethal-angler.png.import[39m[0m
[  30% ] [90m[1msavepack[22m | Storing File: res://.godot/imported/03c-next-turn.png-441b50a40955099691784d4c4ebefd5b.ctex[39m[0m
[  30% ] [90m[1msavepack[22m | Storing File: res://docs/evidence/opening-angler-normal-rules/browser/03c-next-turn.png.import[39m[0m
[  31% ] [90m[1msavepack[22m | Storing File: res://.godot/imported/03d-second-angler-action-move-menu.png-8a387c5aa151e3d0fcfbe7832a33577b.ctex[39m[0m
[  31% ] [90m[1msavepack[22m | Storing File: res://docs/evidence/opening-angler-normal-rules/browser/03d-second-angler-action-move-menu.png.import[39m[0m
[  31% ] [90m[1msavepack[22m | Storing File: res://.godot/imported/03d-second-angler-action-target-menu.png-6116a1677360fcdcd7b20ec6270549e5.ctex[39m[0m
[  31% ] [90m[1msavepack[22m | Storing File: res://docs/evidence/opening-angler-normal-rules/browser/03d-second-angler-action-target-menu.png.import[39m[0m
[  31% ] [90m[1msavepack[22m | Storing File: res://.godot/imported/failure.png-0945879de6cac01da67ca01da779faea.ctex[39m[0m
[  31% ] [90m[1msavepack[22m | Storing File: res://docs/evidence/opening-angler-normal-rules/browser/failure.png.import[39m[0m
[  31% ] [90m[1msavepack[22m | Storing File: res://docs/evidence/opening-angler-normal-rules/browser/result.json[39m[0m
[  31% ] [90m[1msavepack[22m | Storing File: res://.godot/imported/01-title.png-6485b30a39968e7f0ed24f7c9effc156.ctex[39m[0m
[  31% ] [90m[1msavepack[22m | Storing File: res://docs/evidence/opening-angler-normal-rules/browser-corrected/01-title.png.import[39m[0m
[  31% ] [90m[1msavepack[22m | Storing File: res://.godot/imported/02-mermaid.png-45decbd927e6b6a9239e6b65194c3ade.ctex[39m[0m
[  31% ] [90m[1msavepack[22m | Storing File: res://docs/evidence/opening-angler-normal-rules/browser-corrected/02-mermaid.png.import[39m[0m
[  32% ] [90m[1msavepack[22m | Storing File: res://.godot/imported/03-angler.png-c944cf20d4aca016af1cc143bd55b222.ctex[39m[0m
[  32% ] [90m[1msavepack[22m | Storing File: res://docs/evidence/opening-angler-normal-rules/browser-corrected/03-angler.png.import[39m[0m
[  32% ] [90m[1msavepack[22m | Storing File: res://.godot/imported/03a-angler-move-menu.png-4d86471b7d20c9cf9e48db0d56d4c518.ctex[39m[0m
[  32% ] [90m[1msavepack[22m | Storing File: res://docs/evidence/opening-angler-normal-rules/browser-corrected/03a-angler-move-menu.png.import[39m[0m
[  32% ] [90m[1msavepack[22m | Storing File: res://.godot/imported/03a-angler-target-menu.png-32e8fe2bc99257e1b2c9c62f2b4546f8.ctex[39m[0m
[  32% ] [90m[1msavepack[22m | Storing File: res://docs/evidence/opening-angler-normal-rules/browser-corrected/03a-angler-target-menu.png.import[39m[0m
[  32% ] [90m[1msavepack[22m | Storing File: res://.godot/imported/03b-nonlethal-angler.png-4c301f8e1c3cc8ac98a8dfb5b49b91b5.ctex[39m[0m
[  32% ] [90m[1msavepack[22m | Storing File: res://docs/evidence/opening-angler-normal-rules/browser-corrected/03b-nonlethal-angler.png.import[39m[0m
[  32% ] [90m[1msavepack[22m | Storing File: res://.godot/imported/03c-next-turn.png-a314181aad4d6a2c5f44caef4108fb90.ctex[39m[0m
[  32% ] [90m[1msavepack[22m | Storing File: res://docs/evidence/opening-angler-normal-rules/browser-corrected/03c-next-turn.png.import[39m[0m
[  32% ] [90m[1msavepack[22m | Storing File: res://.godot/imported/03d-second-angler-action-move-menu.png-7874140e44363b424c72bdef9173c458.ctex[39m[0m
[  32% ] [90m[1msavepack[22m | Storing File: res://docs/evidence/opening-angler-normal-rules/browser-corrected/03d-second-angler-action-move-menu.png.import[39m[0m
[  32% ] [90m[1msavepack[22m | Storing File: res://.godot/imported/03d-second-angler-action-target-menu.png-280dd588ef1ecfd56e0201a6b7c6f0ff.ctex[39m[0m
[  32% ] [90m[1msavepack[22m | Storing File: res://docs/evidence/opening-angler-normal-rules/browser-corrected/03d-second-angler-action-target-menu.png.import[39m[0m
[  33% ] [90m[1msavepack[22m | Storing File: res://.godot/imported/04-octopus-introduction.png-e263ee16c9935de250630e861516e3d6.ctex[39m[0m
[  33% ] [90m[1msavepack[22m | Storing File: res://docs/evidence/opening-angler-normal-rules/browser-corrected/04-octopus-introduction.png.import[39m[0m
[  33% ] [90m[1msavepack[22m | Storing File: res://.godot/imported/05-cordys.png-48fb4bba931df971dd3f0cacb409b62b.ctex[39m[0m
[  33% ] [90m[1msavepack[22m | Storing File: res://docs/evidence/opening-angler-normal-rules/browser-corrected/05-cordys.png.import[39m[0m
[  33% ] [90m[1msavepack[22m | Storing File: res://.godot/imported/05a-cordys-move-menu.png-49ec2b9a03bd0c8d5254589634b4bf31.ctex[39m[0m
[  33% ] [90m[1msavepack[22m | Storing File: res://docs/evidence/opening-angler-normal-rules/browser-corrected/05a-cordys-move-menu.png.import[39m[0m
[  33% ] [90m[1msavepack[22m | Storing File: res://.godot/imported/05a-cordys-target-menu.png-707b982ec2fc27514389f17e9e5fc1d7.ctex[39m[0m
[  33% ] [90m[1msavepack[22m | Storing File: res://docs/evidence/opening-angler-normal-rules/browser-corrected/05a-cordys-target-menu.png.import[39m[0m
[  33% ] [90m[1msavepack[22m | Storing File: res://.godot/imported/05b-real-impact.png-15462556dca7128ab5d96762a4928837.ctex[39m[0m
[  33% ] [90m[1msavepack[22m | Storing File: res://docs/evidence/opening-angler-normal-rules/browser-corrected/05b-real-impact.png.import[39m[0m
[  33% ] [90m[1msavepack[22m | Storing File: res://.godot/imported/06-finisher.png-c2ee4dab349aa495ed2ed5474a2e9b7b.ctex[39m[0m
[  33% ] [90m[1msavepack[22m | Storing File: res://docs/evidence/opening-angler-normal-rules/browser-corrected/06-finisher.png.import[39m[0m
[  33% ] [90m[1msavepack[22m | Storing File: res://.godot/imported/07-aftermath.png-94d28779b042c41b68ab2d029a69aa45.ctex[39m[0m
[  33% ] [90m[1msavepack[22m | Storing File: res://docs/evidence/opening-angler-normal-rules/browser-corrected/07-aftermath.png.import[39m[0m
[  33% ] [90m[1msavepack[22m | Storing File: res://.godot/imported/08-recovery.png-9f37f6288575845834a117e4102682e1.ctex[39m[0m
[  33% ] [90m[1msavepack[22m | Storing File: res://docs/evidence/opening-angler-normal-rules/browser-corrected/08-recovery.png.import[39m[0m
[  33% ] [90m[1msavepack[22m | Storing File: res://.godot/imported/09-optional-training.png-2043976a33a2bc1db2ecfadfef80a32d.ctex[39m[0m
[  33% ] [90m[1msavepack[22m | Storing File: res://docs/evidence/opening-angler-normal-rules/browser-corrected/09-optional-training.png.import[39m[0m
[  33% ] [90m[1msavepack[22m | Storing File: res://.godot/imported/10-reloaded-title.png-6c975c8e30883030a85de7e6adc23919.ctex[39m[0m
[  33% ] [90m[1msavepack[22m | Storing File: res://docs/evidence/opening-angler-normal-rules/browser-corrected/10-reloaded-title.png.import[39m[0m
[  33% ] [90m[1msavepack[22m | Storing File: res://.godot/imported/11-load-slots.png-f7fc21151a8d081731c41fe47e659c0b.ctex[39m[0m
[  33% ] [90m[1msavepack[22m | Storing File: res://docs/evidence/opening-angler-normal-rules/browser-corrected/11-load-slots.png.import[39m[0m
[  33% ] [90m[1msavepack[22m | Storing File: res://.godot/imported/12-loaded-world.png-791cf19ff9b34be083879336e0655b13.ctex[39m[0m
[  33% ] [90m[1msavepack[22m | Storing File: res://docs/evidence/opening-angler-normal-rules/browser-corrected/12-loaded-world.png.import[39m[0m
[  34% ] [90m[1msavepack[22m | Storing File: res://docs/evidence/opening-angler-normal-rules/browser-corrected/result.json[39m[0m
[  34% ] [90m[1msavepack[22m | Storing File: res://docs/evidence/opening-angler-normal-rules/build-info.json[39m[0m
[  34% ] [90m[1msavepack[22m | Storing File: res://docs/evidence/opening-angler-normal-rules/candidate.json[39m[0m
[  34% ] [90m[1msavepack[22m | Storing File: res://docs/evidence/opening-angler-normal-rules/deploy.json[39m[0m
[  34% ] [90m[1msavepack[22m | Storing File: res://docs/evidence/opening-angler-normal-rules/empty-project-after.json[39m[0m
[  34% ] [90m[1msavepack[22m | Storing File: res://docs/evidence/opening-angler-normal-rules/main-before.json[39m[0m
[  34% ] [90m[1msavepack[22m | Storing File: res://docs/evidence/opening-angler-normal-rules/main-final.json[39m[0m
[  35% ] [90m[1msavepack[22m | Storing File: res://docs/evidence/opening-angler-normal-rules/review-alias.json[39m[0m
[  35% ] [90m[1msavepack[22m | Storing File: res://docs/evidence/opening-angler-normal-rules/secondary-before.json[39m[0m
[  35% ] [90m[1msavepack[22m | Storing File: res://docs/evidence/opening-angler-normal-rules/secondary-final.json[39m[0m
[  35% ] [90m[1msavepack[22m | Storing File: res://docs/evidence/opening-angler-normal-rules/stable-build-info.json[39m[0m
[  35% ] [90m[1msavepack[22m | Storing File: res://.godot/imported/actual-ordinary-death.png-075e8a0ce29ae40a0f877ee2ed566575.ctex[39m[0m
[  35% ] [90m[1msavepack[22m | Storing File: res://docs/evidence/opening-prologue-checkpoint-regressions/browser-durability/actual-ordinary-death.png.import[39m[0m
[  35% ] [90m[1msavepack[22m | Storing File: res://docs/evidence/opening-prologue-checkpoint-regressions/browser-durability/build-info.json[39m[0m
[  36% ] [90m[1msavepack[22m | Storing File: res://docs/evidence/opening-prologue-checkpoint-regressions/browser-durability/captured-red.json[39m[0m
[  36% ] [90m[1msavepack[22m | Storing File: res://.godot/imported/continue-after-retry.png-49bbf97f69ed9681769c4a5ce0c09df5.ctex[39m[0m
[  36% ] [90m[1msavepack[22m | Storing File: res://docs/evidence/opening-prologue-checkpoint-regressions/browser-durability/continue-after-retry.png.import[39m[0m
[  36% ] [90m[1msavepack[22m | Storing File: res://docs/evidence/opening-prologue-checkpoint-regressions/browser-durability/deployment.json[39m[0m
[  36% ] [90m[1msavepack[22m | Storing File: res://docs/evidence/opening-prologue-checkpoint-regressions/browser-durability/hosted-real-death-green.json[39m[0m
[  36% ] [90m[1msavepack[22m | Storing File: res://.godot/imported/restarted-world.png-55708e6fc96bb4d88d7bbd2f2cf66d7d.ctex[39m[0m
[  36% ] [90m[1msavepack[22m | Storing File: res://docs/evidence/opening-prologue-checkpoint-regressions/browser-durability/restarted-world.png.import[39m[0m
[  36% ] [90m[1msavepack[22m | Storing File: res://.godot/imported/retry-save.png-93ca183afc4d3ab9f66e3ed7a0fdb193.ctex[39m[0m
[  36% ] [90m[1msavepack[22m | Storing File: res://docs/evidence/opening-prologue-checkpoint-regressions/browser-durability/retry-save.png.import[39m[0m
[  36% ] [90m[1msavepack[22m | Storing File: res://docs/evidence/opening-prologue-checkpoint-regressions/browser-durability/storage-retry-green.json[39m[0m
[  37% ] [90m[1msavepack[22m | Storing File: res://.godot/imported/title-loaded-world.png-6ea6973af0019ebe8b024161d8a305a3.ctex[39m[0m
[  37% ] [90m[1msavepack[22m | Storing File: res://docs/evidence/opening-prologue-checkpoint-regressions/browser-durability/title-loaded-world.png.import[39m[0m
[  37% ] [90m[1msavepack[22m | Storing File: res://docs/evidence/opening-prologue-checkpoint-regressions/browser-2bf19ac-chromium-result.json[39m[0m
[  37% ] [90m[1msavepack[22m | Storing File: res://docs/evidence/opening-prologue-checkpoint-regressions/browser-2bf19ac-concurrent-webkit-failed.json[39m[0m
[  37% ] [90m[1msavepack[22m | Storing File: res://docs/evidence/opening-prologue-checkpoint-regressions/browser-2bf19ac-hosted-webkit-result.json[39m[0m
[  37% ] [90m[1msavepack[22m | Storing File: res://docs/evidence/opening-prologue-checkpoint-regressions/browser-765a59e-result.json[39m[0m
[  37% ] [90m[1msavepack[22m | Storing File: res://.godot/imported/cold-loaded-world-2bf19ac.png-e4f989056344d37d18a3ac8f05f0ae5a.ctex[39m[0m
[  37% ] [90m[1msavepack[22m | Storing File: res://docs/evidence/opening-prologue-checkpoint-regressions/cold-loaded-world-2bf19ac.png.import[39m[0m
[  38% ] [90m[1msavepack[22m | Storing File: res://docs/evidence/opening-prologue-checkpoint-regressions/deployment-proof.json[39m[0m
[  38% ] [90m[1msavepack[22m | Storing File: res://.godot/imported/load-error-720x480.png-6576165f95ed4c9751eb9ae8ce5691ec.ctex[39m[0m
[  38% ] [90m[1msavepack[22m | Storing File: res://docs/evidence/opening-prologue-checkpoint-regressions/load-error-720x480.png.import[39m[0m
[  38% ] [90m[1msavepack[22m | Storing File: res://.godot/imported/load-error-1280x720.png-1869859e26ee38da41f55e1b335da649.ctex[39m[0m
[  38% ] [90m[1msavepack[22m | Storing File: res://docs/evidence/opening-prologue-checkpoint-regressions/load-error-1280x720.png.import[39m[0m
[  38% ] [90m[1msavepack[22m | Storing File: res://.godot/imported/retry-save-720x480.png-1c7ed521ffe38b92136f3c61c433a8a2.ctex[39m[0m
[  38% ] [90m[1msavepack[22m | Storing File: res://docs/evidence/opening-prologue-checkpoint-regressions/retry-save-720x480.png.import[39m[0m
[  38% ] [90m[1msavepack[22m | Storing File: res://.godot/imported/retry-save-1280x720.png-bb845fef8a6595737eefb0ad7086ccab.ctex[39m[0m
[  38% ] [90m[1msavepack[22m | Storing File: res://docs/evidence/opening-prologue-checkpoint-regressions/retry-save-1280x720.png.import[39m[0m
[  38% ] [90m[1msavepack[22m | Storing File: res://.godot/imported/save-restored-720x480.png-c946e592b299a76d8463c984dc1aa6ce.ctex[39m[0m
[  38% ] [90m[1msavepack[22m | Storing File: res://docs/evidence/opening-prologue-checkpoint-regressions/save-restored-720x480.png.import[39m[0m
[  39% ] [90m[1msavepack[22m | Storing File: res://.godot/imported/save-restored-1280x720.png-068f685feb9b8eebba412413f1705042.ctex[39m[0m
[  39% ] [90m[1msavepack[22m | Storing File: res://docs/evidence/opening-prologue-checkpoint-regressions/save-restored-1280x720.png.import[39m[0m
[  39% ] [90m[1msavepack[22m | Storing File: res://.godot/imported/cordys-finish.png-4957673bea8b0138942a69d155fa788f.ctex[39m[0m
[  39% ] [90m[1msavepack[22m | Storing File: res://docs/evidence/opening-prologue-cordys/cordys-finish.png.import[39m[0m
[  39% ] [90m[1msavepack[22m | Storing File: res://.godot/imported/cordys-hurt.png-882ae814e9c5d8ad55db2111325d6ebb.ctex[39m[0m
[  39% ] [90m[1msavepack[22m | Storing File: res://docs/evidence/opening-prologue-cordys/cordys-hurt.png.import[39m[0m
[  39% ] [90m[1msavepack[22m | Storing File: res://.godot/imported/cordys-idle.png-015e782c65fa77e78ed6a6f55207f175.ctex[39m[0m
[  39% ] [90m[1msavepack[22m | Storing File: res://docs/evidence/opening-prologue-cordys/cordys-idle.png.import[39m[0m
[  39% ] [90m[1msavepack[22m | Storing File: res://.godot/imported/cordys-reveal.png-3be0ed1b68ba10f5b1c93e8ac88a2d25.ctex[39m[0m
[  39% ] [90m[1msavepack[22m | Storing File: res://docs/evidence/opening-prologue-cordys/cordys-reveal.png.import[39m[0m
[  39% ] [90m[1msavepack[22m | Storing File: res://docs/evidence/opening-prologue-free-swim/final-hosted-result.json[39m[0m
[  39% ] [90m[1msavepack[22m | Storing File: res://docs/evidence/opening-prologue-free-swim/full-interval-harness-failure.json[39m[0m
[  40% ] [90m[1msavepack[22m | Storing File: res://docs/evidence/opening-prologue-free-swim/hosted-result.json[39m[0m
[  40% ] [90m[1msavepack[22m | Storing File: res://docs/evidence/opening-prologue-free-swim/local-result.json[39m[0m
[  40% ] [90m[1msavepack[22m | Storing File: res://.godot/imported/moving.png-1b70fa32613e3891e9384d4f956e863d.ctex[39m[0m
[  40% ] [90m[1msavepack[22m | Storing File: res://docs/evidence/opening-prologue-free-swim/moving.png.import[39m[0m
[  40% ] [90m[1msavepack[22m | Storing File: res://docs/evidence/opening-prologue-free-swim/recording-initial-harness-failure.json[39m[0m
[  40% ] [90m[1msavepack[22m | Storing File: res://docs/evidence/opening-prologue-free-swim/recording-result.json[39m[0m
[  40% ] [90m[1msavepack[22m | Storing File: res://.godot/imported/start.png-75896e21cd251dcdab8e5ea90857edfc.ctex[39m[0m
[  40% ] [90m[1msavepack[22m | Storing File: res://docs/evidence/opening-prologue-free-swim/start.png.import[39m[0m
[  41% ] [90m[1msavepack[22m | Storing File: res://.godot/imported/chromium-loaded-world.png-6f2ade125ea693fe61ad9c6472a567a8.ctex[39m[0m
[  41% ] [90m[1msavepack[22m | Storing File: res://docs/evidence/opening-prologue-save-recovery/chromium-loaded-world.png.import[39m[0m
[  41% ] [90m[1msavepack[22m | Storing File: res://docs/evidence/opening-prologue-save-recovery/chromium-normal-result.json[39m[0m
[  41% ] [90m[1msavepack[22m | Storing File: res://docs/evidence/opening-prologue-save-recovery/safari-inspection.json[39m[0m
[  41% ] [90m[1msavepack[22m | Storing File: res://.godot/imported/webkit-loaded-world.png-3bddbd86da31788d705e63986c4065a4.ctex[39m[0m
[  41% ] [90m[1msavepack[22m | Storing File: res://docs/evidence/opening-prologue-save-recovery/webkit-loaded-world.png.import[39m[0m
[  41% ] [90m[1msavepack[22m | Storing File: res://docs/evidence/opening-prologue-save-recovery/webkit-normal-result.json[39m[0m
[  41% ] [90m[1msavepack[22m | Storing File: res://docs/evidence/opening-prologue-title/hosted-result.json[39m[0m
[  41% ] [90m[1msavepack[22m | Storing File: res://.godot/imported/title-native.png-4c0bde238fb4c6d95274aff1e127edd0.ctex[39m[0m
[  41% ] [90m[1msavepack[22m | Storing File: res://docs/evidence/opening-prologue-title/title-native.png.import[39m[0m
[  42% ] [90m[1msavepack[22m | Storing File: res://.godot/imported/title-web.png-176e15b0cc7ace5494c62042fa59debd.ctex[39m[0m
[  42% ] [90m[1msavepack[22m | Storing File: res://docs/evidence/opening-prologue-title/title-web.png.import[39m[0m
[  42% ] [90m[1msavepack[22m | Storing File: res://.godot/imported/after-swimming-angler.png-5d509319f8242cd74237be54fd197506.ctex[39m[0m
[  42% ] [90m[1msavepack[22m | Storing File: res://docs/evidence/opening-title-handoff/browser/after-swimming-angler.png.import[39m[0m
[  42% ] [90m[1msavepack[22m | Storing File: res://.godot/imported/idle-world.png-1bbaf49e6077c761afbcb41499da7167.ctex[39m[0m
[  42% ] [90m[1msavepack[22m | Storing File: res://docs/evidence/opening-title-handoff/browser/idle-world.png.import[39m[0m
[  42% ] [90m[1msavepack[22m | Storing File: res://.godot/imported/opening-title.png-56b8c38d103a11a32c138210fba647b7.ctex[39m[0m
[  42% ] [90m[1msavepack[22m | Storing File: res://docs/evidence/opening-title-handoff/browser/opening-title.png.import[39m[0m
[  42% ] [90m[1msavepack[22m | Storing File: res://docs/evidence/opening-title-handoff/browser/result.json[39m[0m
[  42% ] [90m[1msavepack[22m | Storing File: res://.godot/imported/revealed-world.png-07e24b424fab51a92bd0ce0d9948728b.ctex[39m[0m
[  42% ] [90m[1msavepack[22m | Storing File: res://docs/evidence/opening-title-handoff/browser/revealed-world.png.import[39m[0m
[  43% ] [90m[1msavepack[22m | Storing File: res://.godot/imported/after-swimming-angler.png-dbcc8800728c8d01460c42d781550aa1.ctex[39m[0m
[  43% ] [90m[1msavepack[22m | Storing File: res://docs/evidence/opening-title-handoff/initial-camera-settle/browser/after-swimming-angler.png.import[39m[0m
[  43% ] [90m[1msavepack[22m | Storing File: res://.godot/imported/idle-world.png-867c530a5119ece48867bc1f8b5faf1d.ctex[39m[0m
[  43% ] [90m[1msavepack[22m | Storing File: res://docs/evidence/opening-title-handoff/initial-camera-settle/browser/idle-world.png.import[39m[0m
[  43% ] [90m[1msavepack[22m | Storing File: res://.godot/imported/opening-title.png-2a963ee6a7a259629edda77cfeb314b5.ctex[39m[0m
[  43% ] [90m[1msavepack[22m | Storing File: res://docs/evidence/opening-title-handoff/initial-camera-settle/browser/opening-title.png.import[39m[0m
[  43% ] [90m[1msavepack[22m | Storing File: res://docs/evidence/opening-title-handoff/initial-camera-settle/browser/result.json[39m[0m
[  43% ] [90m[1msavepack[22m | Storing File: res://docs/evidence/opening-title-handoff/initial-camera-settle/build-info.json[39m[0m
[  43% ] [90m[1msavepack[22m | Storing File: res://docs/evidence/opening-title-handoff/initial-camera-settle/deployment.json[39m[0m
[  43% ] [90m[1msavepack[22m | Storing File: res://docs/evidence/opening-title-handoff/build-info.json[39m[0m
[  44% ] [90m[1msavepack[22m | Storing File: res://docs/evidence/opening-title-handoff/deployment.json[39m[0m
[  44% ] [90m[1msavepack[22m | Storing File: res://.godot/imported/title-narrow.png-15219b5970095192edbbf962a0a543c4.ctex[39m[0m
[  44% ] [90m[1msavepack[22m | Storing File: res://docs/evidence/opening-title-handoff/title-narrow.png.import[39m[0m
[  44% ] [90m[1msavepack[22m | Storing File: res://.godot/imported/title-wide.png-9fb09ff302097671daeb83ee16faa1a4.ctex[39m[0m
[  44% ] [90m[1msavepack[22m | Storing File: res://docs/evidence/opening-title-handoff/title-wide.png.import[39m[0m
[  44% ] [90m[1msavepack[22m | Storing File: res://.godot/imported/frilled-shark-720x480.png-ff05e5b0cf237efffb6b8338ddefe112.ctex[39m[0m
[  44% ] [90m[1msavepack[22m | Storing File: res://docs/evidence/pr88-regression-ports/frilled-shark-720x480.png.import[39m[0m
[  44% ] [90m[1msavepack[22m | Storing File: res://.godot/imported/frilled-shark-1280x720.png-2550da7bc8ae31b1329ff7667c772b72.ctex[39m[0m
[  44% ] [90m[1msavepack[22m | Storing File: res://docs/evidence/pr88-regression-ports/frilled-shark-1280x720.png.import[39m[0m
[  44% ] [90m[1msavepack[22m | Storing File: res://.godot/imported/deep-loaded.png-c071560e1c39385c0dc8f71d54171d42.ctex[39m[0m
[  44% ] [90m[1msavepack[22m | Storing File: res://docs/evidence/shallows-guidance/browser-boundary/deep-loaded.png.import[39m[0m
[  45% ] [90m[1msavepack[22m | Storing File: res://.godot/imported/deep-return.png-203e3c141bff27ddbc10a86b0caa0ba8.ctex[39m[0m
[  45% ] [90m[1msavepack[22m | Storing File: res://docs/evidence/shallows-guidance/browser-boundary/deep-return.png.import[39m[0m
[  45% ] [90m[1msavepack[22m | Storing File: res://.godot/imported/puzzle-contact.png-fdf36b4a1149203275adf8f340eafe5c.ctex[39m[0m
[  45% ] [90m[1msavepack[22m | Storing File: res://docs/evidence/shallows-guidance/browser-boundary/puzzle-contact.png.import[39m[0m
[  45% ] [90m[1msavepack[22m | Storing File: res://.godot/imported/puzzle-left.png-90679cb32c8347d7a3071c6d173e76da.ctex[39m[0m
[  45% ] [90m[1msavepack[22m | Storing File: res://docs/evidence/shallows-guidance/browser-boundary/puzzle-left.png.import[39m[0m
[  45% ] [90m[1msavepack[22m | Storing File: res://.godot/imported/puzzle-outside.png-6bcbcc7ef5594aba842212cce08a7b04.ctex[39m[0m
[  45% ] [90m[1msavepack[22m | Storing File: res://docs/evidence/shallows-guidance/browser-boundary/puzzle-outside.png.import[39m[0m
[  45% ] [90m[1msavepack[22m | Storing File: res://.godot/imported/puzzle-return.png-bc7f967ee1df347d260acfc8f9812330.ctex[39m[0m
[  45% ] [90m[1msavepack[22m | Storing File: res://docs/evidence/shallows-guidance/browser-boundary/puzzle-return.png.import[39m[0m
[  45% ] [90m[1msavepack[22m | Storing File: res://docs/evidence/shallows-guidance/browser-boundary/result.json[39m[0m
[  46% ] [90m[1msavepack[22m | Storing File: res://.godot/imported/shallows.png-f8c1195ee5650d7ec8385cf8eaf911ef.ctex[39m[0m
[  46% ] [90m[1msavepack[22m | Storing File: res://docs/evidence/shallows-guidance/browser-boundary/shallows.png.import[39m[0m
[  46% ] [90m[1msavepack[22m | Storing File: res://.godot/imported/wall-broken.png-bb20b40ab4a3bd0c943dea1fcbb38254.ctex[39m[0m
[  46% ] [90m[1msavepack[22m | Storing File: res://docs/evidence/shallows-guidance/browser-boundary/wall-broken.png.import[39m[0m
[  46% ] [90m[1msavepack[22m | Storing File: res://.godot/imported/01-title.png-57ca20dd0b547b9ba61c768e14b592aa.ctex[39m[0m
[  46% ] [90m[1msavepack[22m | Storing File: res://docs/evidence/shallows-guidance/browser-normal/01-title.png.import[39m[0m
[  46% ] [90m[1msavepack[22m | Storing File: res://.godot/imported/02-mermaid.png-b2cc672be1b9fcfcd6612ba2ad4898a1.ctex[39m[0m
[  46% ] [90m[1msavepack[22m | Storing File: res://docs/evidence/shallows-guidance/browser-normal/02-mermaid.png.import[39m[0m
[  46% ] [90m[1msavepack[22m | Storing File: res://.godot/imported/03-angler.png-3c287eda2ab47c07c0ab27dd1f708d65.ctex[39m[0m
[  46% ] [90m[1msavepack[22m | Storing File: res://docs/evidence/shallows-guidance/browser-normal/03-angler.png.import[39m[0m
[  46% ] [90m[1msavepack[22m | Storing File: res://.godot/imported/03a-angler-move-menu.png-b75be30200a81369d862c5bca6487158.ctex[39m[0m
[  46% ] [90m[1msavepack[22m | Storing File: res://docs/evidence/shallows-guidance/browser-normal/03a-angler-move-menu.png.import[39m[0m
[  46% ] [90m[1msavepack[22m | Storing File: res://.godot/imported/03a-angler-target-menu.png-7346a3b7064f2944916936c561969bef.ctex[39m[0m
[  46% ] [90m[1msavepack[22m | Storing File: res://docs/evidence/shallows-guidance/browser-normal/03a-angler-target-menu.png.import[39m[0m
[  47% ] [90m[1msavepack[22m | Storing File: res://.godot/imported/04-octopus-introduction.png-c9c6272992eedefe50463c988e7e93d6.ctex[39m[0m
[  47% ] [90m[1msavepack[22m | Storing File: res://docs/evidence/shallows-guidance/browser-normal/04-octopus-introduction.png.import[39m[0m
[  47% ] [90m[1msavepack[22m | Storing File: res://.godot/imported/05-cordys.png-ddaab00f156a3b2d1a03e2a62096a2b6.ctex[39m[0m
[  47% ] [90m[1msavepack[22m | Storing File: res://docs/evidence/shallows-guidance/browser-normal/05-cordys.png.import[39m[0m
[  47% ] [90m[1msavepack[22m | Storing File: res://.godot/imported/05a-cordys-move-menu.png-07292c2cc9abbab3ea0ae67e97dd860e.ctex[39m[0m
[  47% ] [90m[1msavepack[22m | Storing File: res://docs/evidence/shallows-guidance/browser-normal/05a-cordys-move-menu.png.import[39m[0m
[  47% ] [90m[1msavepack[22m | Storing File: res://.godot/imported/05a-cordys-target-menu.png-dae5055734f5b9f055dff372f2b58c70.ctex[39m[0m
[  47% ] [90m[1msavepack[22m | Storing File: res://docs/evidence/shallows-guidance/browser-normal/05a-cordys-target-menu.png.import[39m[0m
[  47% ] [90m[1msavepack[22m | Storing File: res://.godot/imported/05b-real-impact.png-877e4bf2ba3b7b320e210dcb29fbf2fb.ctex[39m[0m
[  47% ] [90m[1msavepack[22m | Storing File: res://docs/evidence/shallows-guidance/browser-normal/05b-real-impact.png.import[39m[0m
[  47% ] [90m[1msavepack[22m | Storing File: res://.godot/imported/06-finisher.png-333eb81095754c20028ab358e1a6664c.ctex[39m[0m
[  47% ] [90m[1msavepack[22m | Storing File: res://docs/evidence/shallows-guidance/browser-normal/06-finisher.png.import[39m[0m
[  48% ] [90m[1msavepack[22m | Storing File: res://.godot/imported/07-aftermath.png-1c61c46d425b516e281679047a9e097e.ctex[39m[0m
[  48% ] [90m[1msavepack[22m | Storing File: res://docs/evidence/shallows-guidance/browser-normal/07-aftermath.png.import[39m[0m
[  48% ] [90m[1msavepack[22m | Storing File: res://.godot/imported/08-recovery.png-bc31995fb753b34042c7129d3dec7a38.ctex[39m[0m
[  48% ] [90m[1msavepack[22m | Storing File: res://docs/evidence/shallows-guidance/browser-normal/08-recovery.png.import[39m[0m
[  48% ] [90m[1msavepack[22m | Storing File: res://.godot/imported/09-optional-training.png-21a3d3d85328d6efa81579ff98bc2a89.ctex[39m[0m
[  48% ] [90m[1msavepack[22m | Storing File: res://docs/evidence/shallows-guidance/browser-normal/09-optional-training.png.import[39m[0m
[  48% ] [90m[1msavepack[22m | Storing File: res://.godot/imported/10-reloaded-title.png-1989f02fc893d8c2b563c63af32edc69.ctex[39m[0m
[  48% ] [90m[1msavepack[22m | Storing File: res://docs/evidence/shallows-guidance/browser-normal/10-reloaded-title.png.import[39m[0m
[  48% ] [90m[1msavepack[22m | Storing File: res://.godot/imported/11-load-slots.png-d4bf10c36cae2b72689bf18188e9eddc.ctex[39m[0m
[  48% ] [90m[1msavepack[22m | Storing File: res://docs/evidence/shallows-guidance/browser-normal/11-load-slots.png.import[39m[0m
[  48% ] [90m[1msavepack[22m | Storing File: res://.godot/imported/12-loaded-world.png-086fb0d7e809caa82abb26f7d6f468d6.ctex[39m[0m
[  48% ] [90m[1msavepack[22m | Storing File: res://docs/evidence/shallows-guidance/browser-normal/12-loaded-world.png.import[39m[0m
[  48% ] [90m[1msavepack[22m | Storing File: res://docs/evidence/shallows-guidance/browser-normal/result.json[39m[0m
[  49% ] [90m[1msavepack[22m | Storing File: res://docs/evidence/shallows-guidance/build-info.json[39m[0m
[  49% ] [90m[1msavepack[22m | Storing File: res://docs/evidence/shallows-guidance/deployment.json[39m[0m
[  49% ] [90m[1msavepack[22m | Storing File: res://docs/evidence/shallows-guidance/main-unchanged.json[39m[0m
[  49% ] [90m[1msavepack[22m | Storing File: res://.godot/imported/native-narrow.png-9442c7ca7ad097a08e6c1618fd05cc3b.ctex[39m[0m
[  49% ] [90m[1msavepack[22m | Storing File: res://docs/evidence/shallows-guidance/native-narrow.png.import[39m[0m
[  49% ] [90m[1msavepack[22m | Storing File: res://.godot/imported/native-wide.png-8ef001931e6c3ed5e583dfa8a82d92dc.ctex[39m[0m
[  49% ] [90m[1msavepack[22m | Storing File: res://docs/evidence/shallows-guidance/native-wide.png.import[39m[0m
[  49% ] [90m[1msavepack[22m | Storing File: res://docs/evidence/shallows-guidance/review-alias.json[39m[0m
[  50% ] [90m[1msavepack[22m | Storing File: res://docs/evidence/shallows-guidance/secondary-unchanged.json[39m[0m
[  50% ] [90m[1msavepack[22m | Storing File: res://docs/evidence/shallows-guidance/stable-build-info.json[39m[0m
[  50% ] [90m[1msavepack[22m | Storing File: res://.godot/imported/angler-fish-facing.png-e3867006641008f2a128614321ba9729.ctex[39m[0m
[  50% ] [90m[1msavepack[22m | Storing File: res://docs/evidence/angler-fish-facing.png.import[39m[0m
[  50% ] [90m[1msavepack[22m | Storing File: res://.godot/imported/glassgoat-followup-formulas.png-ec30733a217d174d081857683b207f3a.ctex[39m[0m
[  50% ] [90m[1msavepack[22m | Storing File: res://docs/evidence/glassgoat-followup-formulas.png.import[39m[0m
[  50% ] [90m[1msavepack[22m | Storing File: res://.godot/imported/glassgoat-followup-moves.png-1ddab082600f57be83e9fcd176369c03.ctex[39m[0m
[  50% ] [90m[1msavepack[22m | Storing File: res://docs/evidence/glassgoat-followup-moves.png.import[39m[0m
[  50% ] [90m[1msavepack[22m | Storing File: res://.godot/imported/glassgoat-followup-result.png-20179d91066f8bbd54b31f4f102e8b19.ctex[39m[0m
[  50% ] [90m[1msavepack[22m | Storing File: res://docs/evidence/glassgoat-followup-result.png.import[39m[0m
[  51% ] [90m[1msavepack[22m | Storing File: res://.godot/imported/glassgoat-v2-moves.png-b348cebe35710ef2650f011ca90ad9a3.ctex[39m[0m
[  51% ] [90m[1msavepack[22m | Storing File: res://docs/evidence/glassgoat-v2-moves.png.import[39m[0m
[  51% ] [90m[1msavepack[22m | Storing File: res://.godot/imported/glassgoat-v2-result.png-da37fff06127cd263bf0c6e7fef88d73.ctex[39m[0m
[  51% ] [90m[1msavepack[22m | Storing File: res://docs/evidence/glassgoat-v2-result.png.import[39m[0m
[  51% ] [90m[1msavepack[22m | Storing File: res://.godot/imported/glassgoat-v2-target.png-0b1b397f79d477d02b5ad50c8b2bd7fa.ctex[39m[0m
[  51% ] [90m[1msavepack[22m | Storing File: res://docs/evidence/glassgoat-v2-target.png.import[39m[0m
[  51% ] [90m[1msavepack[22m | Storing File: res://.godot/imported/maze-minimap-closed.png-a602d140c565079e562688853dc0709c.ctex[39m[0m
[  51% ] [90m[1msavepack[22m | Storing File: res://docs/evidence/maze-minimap-closed.png.import[39m[0m
[  51% ] [90m[1msavepack[22m | Storing File: res://.godot/imported/maze-minimap-open.png-12043ff7e92d510e1e82eaf690c6f1e6.ctex[39m[0m
[  51% ] [90m[1msavepack[22m | Storing File: res://docs/evidence/maze-minimap-open.png.import[39m[0m
[  51% ] [90m[1msavepack[22m | Storing File: res://.godot/imported/pr54-character-names.png-8b5e1dda0a81d58ab6286a60170a15f0.ctex[39m[0m
[  51% ] [90m[1msavepack[22m | Storing File: res://docs/evidence/pr54-character-names.png.import[39m[0m
[  51% ] [90m[1msavepack[22m | Storing File: res://.godot/imported/pr54-defeat-exclusive.png-a607a5bcb301ee65b7b270cd9f726823.ctex[39m[0m
[  51% ] [90m[1msavepack[22m | Storing File: res://docs/evidence/pr54-defeat-exclusive.png.import[39m[0m
[  52% ] [90m[1msavepack[22m | Storing File: res://.godot/imported/pr70-csgbox6-flush.svg-ae207cbcdb5d9685df7c4ede2ea6d701.ctex[39m[0m
[  52% ] [90m[1msavepack[22m | Storing File: res://docs/evidence/pr70-csgbox6-flush.svg.import[39m[0m
[  52% ] [90m[1msavepack[22m | Storing File: res://.godot/imported/pr70-csgbox67-alignment.svg-ccbac90fe7beaab6f83f25abc0afd920.ctex[39m[0m
[  52% ] [90m[1msavepack[22m | Storing File: res://docs/evidence/pr70-csgbox67-alignment.svg.import[39m[0m
[  52% ] [90m[1msavepack[22m | Storing File: res://.godot/imported/pr70-main-vs-pr-static.png-beb2b555f72fec4011b59f038c2ec067.ctex[39m[0m
[  52% ] [90m[1msavepack[22m | Storing File: res://docs/evidence/pr70-main-vs-pr-static.png.import[39m[0m
[  52% ] [90m[1msavepack[22m | Storing File: res://.godot/imported/pr70-maze-complete-before.png-3e55d97171e4f457c56fbeb33828cf98.ctex[39m[0m
[  52% ] [90m[1msavepack[22m | Storing File: res://docs/evidence/pr70-maze-complete-before.png.import[39m[0m
[  52% ] [90m[1msavepack[22m | Storing File: res://.godot/imported/pr70-maze-complete.png-dab9e9d04e1dad07032e14cce4cbcfa5.ctex[39m[0m
[  52% ] [90m[1msavepack[22m | Storing File: res://docs/evidence/pr70-maze-complete.png.import[39m[0m
[  52% ] [90m[1msavepack[22m | Storing File: res://.godot/imported/pr70-open-route-after.png-a8514a906b3911cde6b588d11c8a6184.ctex[39m[0m
[  52% ] [90m[1msavepack[22m | Storing File: res://docs/evidence/pr70-open-route-after.png.import[39m[0m
[  53% ] [90m[1msavepack[22m | Storing File: res://.godot/imported/pr70-open-route-before.png-13d8db1ddb95ae95e43c3beeeb9c9ded.ctex[39m[0m
[  53% ] [90m[1msavepack[22m | Storing File: res://docs/evidence/pr70-open-route-before.png.import[39m[0m
[  53% ] [90m[1msavepack[22m | Storing File: res://.godot/imported/pr81-spell-review-title.png-93f72345b1df8c091d306f4931f8369f.ctex[39m[0m
[  53% ] [90m[1msavepack[22m | Storing File: res://docs/evidence/pr81-spell-review-title.png.import[39m[0m
[  53% ] [90m[1msavepack[22m | Storing File: res://.godot/imported/pr81-spell-review-tree.png-5c55365cdb19e0187508add1e7aeca3e.ctex[39m[0m
[  53% ] [90m[1msavepack[22m | Storing File: res://docs/evidence/pr81-spell-review-tree.png.import[39m[0m
[  53% ] [90m[1msavepack[22m | Storing File: res://.godot/imported/pr83-swordfish-quick-read.png-7101027f8d6ac83a51db1af6c510ccc5.ctex[39m[0m
[  53% ] [90m[1msavepack[22m | Storing File: res://docs/evidence/pr83-swordfish-quick-read.png.import[39m[0m
[  53% ] [90m[1msavepack[22m | Storing File: res://.godot/imported/pr83-tethys-boss-combat.png-f52d8b1f39b1d70ba2a61190407b7aec.ctex[39m[0m
[  53% ] [90m[1msavepack[22m | Storing File: res://docs/evidence/pr83-tethys-boss-combat.png.import[39m[0m
[  53% ] [90m[1msavepack[22m | Storing File: res://.godot/imported/pr84-special-chooser.png-0d5a5772ce11ae3739fbced6f6b318f4.ctex[39m[0m
[  53% ] [90m[1msavepack[22m | Storing File: res://docs/evidence/pr84-special-chooser.png.import[39m[0m
[  53% ] [90m[1msavepack[22m | Storing File: res://.godot/imported/pr84-swordfish-guardian.png-c0dbd22c49b81f941e2cb2e3f0be5b4f.ctex[39m[0m
[  53% ] [90m[1msavepack[22m | Storing File: res://docs/evidence/pr84-swordfish-guardian.png.import[39m[0m
[  54% ] [90m[1msavepack[22m | Storing File: res://.godot/imported/swordfish-duelist-textured.png-59dc0e19a2db26dc51b8069f67df7c26.ctex[39m[0m
[  54% ] [90m[1msavepack[22m | Storing File: res://docs/evidence/swordfish-duelist-textured.png.import[39m[0m
[  54% ] [90m[1msavepack[22m | Storing File: res://.godot/imported/tethys-boss-battle.png-854db94dc6c0b457961013fc0675f23e.ctex[39m[0m
[  54% ] [90m[1msavepack[22m | Storing File: res://docs/evidence/tethys-boss-battle.png.import[39m[0m
[  54% ] [90m[1msavepack[22m | Storing File: res://.godot/imported/tethys-boss-title.png-0c6386ef6f9daa4438f31a8cec2637d0.ctex[39m[0m
[  54% ] [90m[1msavepack[22m | Storing File: res://docs/evidence/tethys-boss-title.png.import[39m[0m
[  54% ] [90m[1msavepack[22m | Storing File: res://.godot/imported/index.apple-touch-icon.png-b21a756d869f84af832970a74d8371bc.ctex[39m[0m
[  54% ] [90m[1msavepack[22m | Storing File: res://docs/index.apple-touch-icon.png.import[39m[0m
[  54% ] [90m[1msavepack[22m | Storing File: res://.godot/imported/index.icon.png-b92c9a802ad4b78e247784454a6b506f.ctex[39m[0m
[  54% ] [90m[1msavepack[22m | Storing File: res://docs/index.icon.png.import[39m[0m
[  54% ] [90m[1msavepack[22m | Storing File: res://.godot/imported/index.png-0c78d14d192abe5f22f8c25928ca1ab8.ctex[39m[0m
[  54% ] [90m[1msavepack[22m | Storing File: res://docs/index.png.import[39m[0m
[  55% ] [90m[1msavepack[22m | Storing File: res://.godot/imported/underwater-cover.png-faf517b5587aca84b457cf57c538c928.ctex[39m[0m
[  55% ] [90m[1msavepack[22m | Storing File: res://docs/underwater-cover.png.import[39m[0m
[  55% ] [90m[1msavepack[22m | Storing File: res://game/ability_onboarding.gdc[39m[0m
[  55% ] [90m[1msavepack[22m | Storing File: res://.godot/imported/Angler_Fish.fbx-91b22715588db8f9ebf23547ef83167e.scn[39m[0m
[  55% ] [90m[1msavepack[22m | Storing File: res://game/Angler_Fish.fbx.import[39m[0m
[  55% ] [90m[1msavepack[22m | Storing File: res://.godot/imported/Angler_Fish_0.png-67c9d3211e24dce485d2fb13b77fef5c.s3tc.ctex[39m[0m
[  55% ] [90m[1msavepack[22m | Storing File: res://.godot/imported/Angler_Fish_0.png-67c9d3211e24dce485d2fb13b77fef5c.etc2.ctex[39m[0m
[  55% ] [90m[1msavepack[22m | Storing File: res://game/Angler_Fish_0.png.import[39m[0m
[  55% ] [90m[1msavepack[22m | Storing File: res://.godot/imported/Angler_Fish_1.png-8afdf04dbcc17b38b70e2d97b79e918b.s3tc.ctex[39m[0m
[  55% ] [90m[1msavepack[22m | Storing File: res://.godot/imported/Angler_Fish_1.png-8afdf04dbcc17b38b70e2d97b79e918b.etc2.ctex[39m[0m
[  55% ] [90m[1msavepack[22m | Storing File: res://game/Angler_Fish_1.png.import[39m[0m
[  55% ] [90m[1msavepack[22m | Storing File: res://game/audio_manager.gdc[39m[0m
[  56% ] [90m[1msavepack[22m | Storing File: res://game/battle.gdc[39m[0m
[  56% ] [90m[1msavepack[22m | Storing File: res://game/beacon.gdc[39m[0m
[  56% ] [90m[1msavepack[22m | Storing File: res://game/bomb_bot.gdc[39m[0m
[  56% ] [90m[1msavepack[22m | Storing File: res://game/browser_checkpoint.gdc[39m[0m
[  56% ] [90m[1msavepack[22m | Storing File: res://game/combatant_stats.gdc[39m[0m
[  56% ] [90m[1msavepack[22m | Storing File: res://game/combat_rules.gdc[39m[0m
[  56% ] [90m[1msavepack[22m | Storing File: res://game/cracked_wall.gdc[39m[0m
[  57% ] [90m[1msavepack[22m | Storing File: res://game/cutscene.gdc[39m[0m
[  57% ] [90m[1msavepack[22m | Storing File: res://game/deep_zone_environment.gdc[39m[0m
[  57% ] [90m[1msavepack[22m | Storing File: res://game/diver.gdc[39m[0m
[  57% ] [90m[1msavepack[22m | Storing File: res://game/diver_swap_minigame.gdc[39m[0m
[  57% ] [90m[1msavepack[22m | Storing File: res://game/door.gdc[39m[0m
[  57% ] [90m[1msavepack[22m | Storing File: res://game/encounter_escape_hint.gdc[39m[0m
[  58% ] [90m[1msavepack[22m | Storing File: res://.godot/imported/FrilledShark.fbx-6542a890bc3ca2b7fd341bc6083ea06f.scn[39m[0m
[  58% ] [90m[1msavepack[22m | Storing File: res://game/FrilledShark.fbx.import[39m[0m
[  58% ] [90m[1msavepack[22m | Storing File: res://.godot/imported/FrilledShark_0.png-bbbacf024540842c3862b56f91f59a4b.s3tc.ctex[39m[0m
[  58% ] [90m[1msavepack[22m | Storing File: res://.godot/imported/FrilledShark_0.png-bbbacf024540842c3862b56f91f59a4b.etc2.ctex[39m[0m
[  58% ] [90m[1msavepack[22m | Storing File: res://game/FrilledShark_0.png.import[39m[0m
[  58% ] [90m[1msavepack[22m | Storing File: res://game/frilled_shark.gdc[39m[0m
[  58% ] [90m[1msavepack[22m | Storing File: res://game/game_over_screen.gdc[39m[0m
[  58% ] [90m[1msavepack[22m | Storing File: res://game/goblin.gdc[39m[0m
[  58% ] [90m[1msavepack[22m | Storing File: res://.godot/imported/golden_energy_orb.glb-84dcd11c3dfb299a701d44b90d1c35d8.scn[39m[0m
[  58% ] [90m[1msavepack[22m | Storing File: res://game/golden_energy_orb.glb.import[39m[0m
[  58% ] [90m[1msavepack[22m | Storing File: res://game/grapple_anchor.gdc[39m[0m
[  59% ] [90m[1msavepack[22m | Storing File: res://game/grapple_intercept_minigame.gdc[39m[0m
[  59% ] [90m[1msavepack[22m | Storing File: res://game/grapple_playtest.gdc[39m[0m
[  59% ] [90m[1msavepack[22m | Storing File: res://.godot/exported/133200997/export-735bd8317128fd80099ab541960a3319-grapple_playtest.scn[39m[0m
[  59% ] [90m[1msavepack[22m | Storing File: res://game/intro_crawl.gdc[39m[0m
[  59% ] [90m[1msavepack[22m | Storing File: res://game/inventory_menu.gdc[39m[0m
[  59% ] [90m[1msavepack[22m | Storing File: res://game/items.gdc[39m[0m
[  60% ] [90m[1msavepack[22m | Storing File: res://game/item_guardian.gdc[39m[0m
[  60% ] [90m[1msavepack[22m | Storing File: res://game/item_orb.gdc[39m[0m
[  60% ] [90m[1msavepack[22m | Storing File: res://game/lab_video_cutscene.gdc[39m[0m
[  60% ] [90m[1msavepack[22m | Storing File: res://game/lever.gdc[39m[0m
[  60% ] [90m[1msavepack[22m | Storing File: res://game/lineup.gdc[39m[0m
[  60% ] [90m[1msavepack[22m | Storing File: res://.godot/exported/133200997/export-fb2498f6d52947e496054d8666a0cdf7-lineup.scn[39m[0m
[  60% ] [90m[1msavepack[22m | Storing File: res://game/lock_plate.gdc[39m[0m
[  61% ] [90m[1msavepack[22m | Storing File: res://game/maze_level.gdc[39m[0m
[  61% ] [90m[1msavepack[22m | Storing File: res://.godot/exported/133200997/export-a10a67dbbc8f5259d493d65931cd466f-maze_level.scn[39m[0m
[  61% ] [90m[1msavepack[22m | Storing File: res://game/maze_mini_map.gdc[39m[0m
[  61% ] [90m[1msavepack[22m | Storing File: res://game/mini_map.gdc[39m[0m
[  61% ] [90m[1msavepack[22m | Storing File: res://game/opening_prologue_trigger.gdc[39m[0m
[  61% ] [90m[1msavepack[22m | Storing File: res://game/opening_video.gdc[39m[0m
[  62% ] [90m[1msavepack[22m | Storing File: res://game/prologue_cinematic.gdc[39m[0m
[  62% ] [90m[1msavepack[22m | Storing File: res://game/prologue_octopus.gdc[39m[0m
[  62% ] [90m[1msavepack[22m | Storing File: res://game/prologue_recovery.gdc[39m[0m
[  62% ] [90m[1msavepack[22m | Storing File: res://game/prologue_victory_bridge.gdc[39m[0m
[  62% ] [90m[1msavepack[22m | Storing File: res://game/pulse_text_effect.gdc[39m[0m
[  62% ] [90m[1msavepack[22m | Storing File: res://game/rock_dodge_minigame.gdc[39m[0m
[  63% ] [90m[1msavepack[22m | Storing File: res://game/rotate_currents.gdc[39m[0m
[  63% ] [90m[1msavepack[22m | Storing File: res://game/route_state.gdc[39m[0m
[  63% ] [90m[1msavepack[22m | Storing File: res://game/salvage_part.gdc[39m[0m
[  63% ] [90m[1msavepack[22m | Storing File: res://game/save_manager.gdc[39m[0m
[  63% ] [90m[1msavepack[22m | Storing File: res://game/save_point.gdc[39m[0m
[  63% ] [90m[1msavepack[22m | Storing File: res://game/save_point_menu.gdc[39m[0m
[  63% ] [90m[1msavepack[22m | Storing File: res://.godot/imported/Sea_Urchin.fbx-d592150a6af3f59244d980cbc2abd3ad.scn[39m[0m
[  63% ] [90m[1msavepack[22m | Storing File: res://game/Sea_Urchin.fbx.import[39m[0m
[  64% ] [90m[1msavepack[22m | Storing File: res://game/site.gdc[39m[0m
[  64% ] [90m[1msavepack[22m | Storing File: res://game/special_encounter_prompt.gdc[39m[0m
[  64% ] [90m[1msavepack[22m | Storing File: res://game/spell_tree.gdc[39m[0m
[  64% ] [90m[1msavepack[22m | Storing File: res://game/spell_tree_ui.gdc[39m[0m
[  64% ] [90m[1msavepack[22m | Storing File: res://game/sword_duelist.gdc[39m[0m
[  64% ] [90m[1msavepack[22m | Storing File: res://game/sword_slayer.gdc[39m[0m
[  65% ] [90m[1msavepack[22m | Storing File: res://game/target_selector.gdc[39m[0m
[  65% ] [90m[1msavepack[22m | Storing File: res://game/tethys_boss.gdc[39m[0m
[  65% ] [90m[1msavepack[22m | Storing File: res://game/title_screen.gdc[39m[0m
[  65% ] [90m[1msavepack[22m | Storing File: res://game/tooltip_button.gdc[39m[0m
[  65% ] [90m[1msavepack[22m | Storing File: res://game/tutorial_book.gdc[39m[0m
[  65% ] [90m[1msavepack[22m | Storing File: res://game/tutorial_result_popup.gdc[39m[0m
[  65% ] [90m[1msavepack[22m | Storing File: res://game/vortex_collision.gdc[39m[0m
[  66% ] [90m[1msavepack[22m | Storing File: res://game/vortex_grapple_sphere.gdc[39m[0m
[  66% ] [90m[1msavepack[22m | Storing File: res://game/water_current.gdc[39m[0m
[  66% ] [90m[1msavepack[22m | Storing File: res://game/waypoint.gdc[39m[0m
[  66% ] [90m[1msavepack[22m | Storing File: res://game/whirlpool.gdc[39m[0m
[  66% ] [90m[1msavepack[22m | Storing File: res://game/world.gdc[39m[0m
[  66% ] [90m[1msavepack[22m | Storing File: res://.godot/exported/133200997/export-55b02d6fa331e2fda0e32353ca18a2df-world.scn[39m[0m
[  66% ] [90m[1msavepack[22m | Storing File: res://.godot/imported/target.png-8c62f73a125b1f7a564d1d7375b8764d.ctex[39m[0m
[  66% ] [90m[1msavepack[22m | Storing File: res://icons/target.png.import[39m[0m
[  66% ] [90m[1msavepack[22m | Storing File: res://media/cutscenes/mermaid_freak.ogv[39m[0m
[  66% ] [90m[1msavepack[22m | Storing File: res://world_encounters.gdc[39m[0m
[  66% ] [90m[1msavepack[22m | Storing File: res://media/cutscenes/octopus_prologue.ogv[39m[0m
[  66% ] [90m[1msavepack[22m | Storing File: res://media/tutorials/character_ability_popups/grapple_demo.ogv[39m[0m
[  66% ] [90m[1msavepack[22m | Storing File: res://media/tutorials/character_ability_popups/shockwave_demo.ogv[39m[0m
[  67% ] [90m[1msavepack[22m | Storing File: res://media/tutorials/character_ability_popups/sonar_demo.ogv[39m[0m
[  67% ] [90m[1msavepack[22m | Storing File: res://media/tutorials/character_ability_popups/swap_demo.ogv[39m[0m
[  67% ] [90m[1msavepack[22m | Storing File: res://media/tutorials/character_ability_popups/WorldMap.ogv[39m[0m
[  67% ] [90m[1msavepack[22m | Storing File: res://media/tutorials/special_encounters/grapple_demo.ogv[39m[0m
[  67% ] [90m[1msavepack[22m | Storing File: res://media/tutorials/special_encounters/shockwave_demo.ogv[39m[0m
[  67% ] [90m[1msavepack[22m | Storing File: res://media/tutorials/special_encounters/swap_demo.ogv[39m[0m
[  67% ] [90m[1msavepack[22m | Storing File: res://.godot/imported/bucky_01_calm.png-477098377535aa7e21f8bade37393425.ctex[39m[0m
[  67% ] [90m[1msavepack[22m | Storing File: res://portraits/bucky_pool/bucky_01_calm.png.import[39m[0m
[  68% ] [90m[1msavepack[22m | Storing File: res://.godot/imported/bucky_02_grin.png-6cc2014b6f90cdddfb595c17cf281bb6.ctex[39m[0m
[  68% ] [90m[1msavepack[22m | Storing File: res://portraits/bucky_pool/bucky_02_grin.png.import[39m[0m
[  68% ] [90m[1msavepack[22m | Storing File: res://.godot/imported/bucky_03_love.png-f42de06292dbaf8fe086b16f9cee11b0.ctex[39m[0m
[  68% ] [90m[1msavepack[22m | Storing File: res://portraits/bucky_pool/bucky_03_love.png.import[39m[0m
[  68% ] [90m[1msavepack[22m | Storing File: res://.godot/imported/bucky_04_angry.png-238aedb2165f66a26ce381bb8b2f4730.ctex[39m[0m
[  68% ] [90m[1msavepack[22m | Storing File: res://portraits/bucky_pool/bucky_04_angry.png.import[39m[0m
[  68% ] [90m[1msavepack[22m | Storing File: res://.godot/imported/bucky_05_crying.png-fcf67135da6c755b8c9c0da31b77cd62.ctex[39m[0m
[  68% ] [90m[1msavepack[22m | Storing File: res://portraits/bucky_pool/bucky_05_crying.png.import[39m[0m
[  68% ] [90m[1msavepack[22m | Storing File: res://.godot/imported/bucky_06_frown.png-af904d8ec9f20a47979534b679874597.ctex[39m[0m
[  68% ] [90m[1msavepack[22m | Storing File: res://portraits/bucky_pool/bucky_06_frown.png.import[39m[0m
[  68% ] [90m[1msavepack[22m | Storing File: res://.godot/imported/bucky_07_bored.png-b7ebdf64e9a88d0e08b0d2caff135d39.ctex[39m[0m
[  68% ] [90m[1msavepack[22m | Storing File: res://portraits/bucky_pool/bucky_07_bored.png.import[39m[0m
[  69% ] [90m[1msavepack[22m | Storing File: res://.godot/imported/bucky_08_surprised.png-d2d335d262bbae2d3c9742ed3a539d0c.ctex[39m[0m
[  69% ] [90m[1msavepack[22m | Storing File: res://portraits/bucky_pool/bucky_08_surprised.png.import[39m[0m
[  69% ] [90m[1msavepack[22m | Storing File: res://.godot/imported/maxilani_01_normal.png-569c30e1f0a623d30549d4330908ab2d.ctex[39m[0m
[  69% ] [90m[1msavepack[22m | Storing File: res://portraits/maxilani_pool/maxilani_01_normal.png.import[39m[0m
[  69% ] [90m[1msavepack[22m | Storing File: res://.godot/imported/maxilani_02_smile.png-7400c97892d87a1d09d1e9ef1947a6c4.ctex[39m[0m
[  69% ] [90m[1msavepack[22m | Storing File: res://portraits/maxilani_pool/maxilani_02_smile.png.import[39m[0m
[  69% ] [90m[1msavepack[22m | Storing File: res://.godot/imported/maxilani_03_eyes_closed.png-b5245b11f3febd9d27e90288b70062a4.ctex[39m[0m
[  69% ] [90m[1msavepack[22m | Storing File: res://portraits/maxilani_pool/maxilani_03_eyes_closed.png.import[39m[0m
[  69% ] [90m[1msavepack[22m | Storing File: res://.godot/imported/maxilani_04_smirk.png-d918d8f3814e849b8fb7cd83067e7bb4.ctex[39m[0m
[  69% ] [90m[1msavepack[22m | Storing File: res://portraits/maxilani_pool/maxilani_04_smirk.png.import[39m[0m
[  69% ] [90m[1msavepack[22m | Storing File: res://.godot/imported/maxilani_05_grimace.png-05715f84fe7b5dd505f5fd91dc71a62c.ctex[39m[0m
[  69% ] [90m[1msavepack[22m | Storing File: res://portraits/maxilani_pool/maxilani_05_grimace.png.import[39m[0m
[  69% ] [90m[1msavepack[22m | Storing File: res://.godot/imported/maxilani_06_surprised.png-2a9ac95fb80896e98791751fbe890684.ctex[39m[0m
[  69% ] [90m[1msavepack[22m | Storing File: res://portraits/maxilani_pool/maxilani_06_surprised.png.import[39m[0m
[  70% ] [90m[1msavepack[22m | Storing File: res://.godot/imported/maxilani_07_sad.png-eb57bcd96c6574f812e57208fed58bdc.ctex[39m[0m
[  70% ] [90m[1msavepack[22m | Storing File: res://portraits/maxilani_pool/maxilani_07_sad.png.import[39m[0m
[  70% ] [90m[1msavepack[22m | Storing File: res://.godot/imported/maxilani_08_wink.png-7add9f4df6e126ac75cacfad686fb20a.ctex[39m[0m
[  70% ] [90m[1msavepack[22m | Storing File: res://portraits/maxilani_pool/maxilani_08_wink.png.import[39m[0m
[  70% ] [90m[1msavepack[22m | Storing File: res://.godot/imported/cyclops_01_calm.png-e6f35c9345c98b02a93cf45e4be1aca9.ctex[39m[0m
[  70% ] [90m[1msavepack[22m | Storing File: res://portraits/musashi_pool/cyclops_01_calm.png.import[39m[0m
[  70% ] [90m[1msavepack[22m | Storing File: res://.godot/imported/cyclops_02_wavy.png-884fe4528822397f1ab04cd8d5101548.ctex[39m[0m
[  70% ] [90m[1msavepack[22m | Storing File: res://portraits/musashi_pool/cyclops_02_wavy.png.import[39m[0m
[  70% ] [90m[1msavepack[22m | Storing File: res://.godot/imported/cyclops_03_content.png-4bdc9317de1026ffa4db56a15c366c14.ctex[39m[0m
[  70% ] [90m[1msavepack[22m | Storing File: res://portraits/musashi_pool/cyclops_03_content.png.import[39m[0m
[  70% ] [90m[1msavepack[22m | Storing File: res://.godot/imported/cyclops_04_grin.png-a452325275e527a12d6160b747d80a81.ctex[39m[0m
[  70% ] [90m[1msavepack[22m | Storing File: res://portraits/musashi_pool/cyclops_04_grin.png.import[39m[0m
[  71% ] [90m[1msavepack[22m | Storing File: res://.godot/imported/cyclops_05_angry.png-37863eae49190e571aa643b3b24f2f93.ctex[39m[0m
[  71% ] [90m[1msavepack[22m | Storing File: res://portraits/musashi_pool/cyclops_05_angry.png.import[39m[0m
[  71% ] [90m[1msavepack[22m | Storing File: res://.godot/imported/cyclops_06_surprised.png-b63804be852d1d52b5db0d57480547e0.ctex[39m[0m
[  71% ] [90m[1msavepack[22m | Storing File: res://portraits/musashi_pool/cyclops_06_surprised.png.import[39m[0m
[  71% ] [90m[1msavepack[22m | Storing File: res://.godot/imported/cyclops_07_pout.png-ea0a7a4e717f1bdaaefd9f75d482ebf3.ctex[39m[0m
[  71% ] [90m[1msavepack[22m | Storing File: res://portraits/musashi_pool/cyclops_07_pout.png.import[39m[0m
[  71% ] [90m[1msavepack[22m | Storing File: res://.godot/imported/cyclops_08_mystery.png-e7c5e825129319f54c07c25eca35ca08.ctex[39m[0m
[  71% ] [90m[1msavepack[22m | Storing File: res://portraits/musashi_pool/cyclops_08_mystery.png.import[39m[0m
[  71% ] [90m[1msavepack[22m | Storing File: res://.godot/imported/Cyclops_Portraits.png-39accab5030a6a44e56558a7c50a9bb1.ctex[39m[0m
[  71% ] [90m[1msavepack[22m | Storing File: res://portraits/musashi_pool/Cyclops_Portraits.png.import[39m[0m
[  71% ] [90m[1msavepack[22m | Storing File: res://tools/derive_cordys_framing.gdc[39m[0m
[  72% ] [90m[1msavepack[22m | Storing File: res://tools/dump_fbx.gdc[39m[0m
[  72% ] [90m[1msavepack[22m | Storing File: res://tools/dump_glb.gdc[39m[0m
[  72% ] [90m[1msavepack[22m | Storing File: res://tools/fbx_to_glb.gdc[39m[0m
[  72% ] [90m[1msavepack[22m | Storing File: res://tools/inspect_octopus_structure.gdc[39m[0m
[  72% ] [90m[1msavepack[22m | Storing File: res://tools/measure_fbx.gdc[39m[0m
[  72% ] [90m[1msavepack[22m | Storing File: res://tools/shoot_audio_settings.gdc[39m[0m
[  72% ] [90m[1msavepack[22m | Storing File: res://tools/shoot_boss.gdc[39m[0m
[  73% ] [90m[1msavepack[22m | Storing File: res://tools/shoot_checkpoint_errors.gdc[39m[0m
[  73% ] [90m[1msavepack[22m | Storing File: res://tools/shoot_combat_v2.gdc[39m[0m
[  73% ] [90m[1msavepack[22m | Storing File: res://tools/shoot_cordys_stage.gdc[39m[0m
[  73% ] [90m[1msavepack[22m | Storing File: res://tools/shoot_current_barrier.gdc[39m[0m
[  73% ] [90m[1msavepack[22m | Storing File: res://tools/shoot_deep_zone_assets.gdc[39m[0m
[  73% ] [90m[1msavepack[22m | Storing File: res://tools/shoot_deep_zone_blockers.gdc[39m[0m
[  74% ] [90m[1msavepack[22m | Storing File: res://tools/shoot_deep_zone_route.gdc[39m[0m
[  74% ] [90m[1msavepack[22m | Storing File: res://tools/shoot_fbx.gdc[39m[0m
[  74% ] [90m[1msavepack[22m | Storing File: res://tools/shoot_grapple_intercept.gdc[39m[0m
[  74% ] [90m[1msavepack[22m | Storing File: res://tools/shoot_intro_crawl.gdc[39m[0m
[  74% ] [90m[1msavepack[22m | Storing File: res://tools/shoot_maze.gdc[39m[0m
[  74% ] [90m[1msavepack[22m | Storing File: res://tools/shoot_maze_completion.gdc[39m[0m
[  74% ] [90m[1msavepack[22m | Storing File: res://tools/shoot_maze_minimap.gdc[39m[0m
[  75% ] [90m[1msavepack[22m | Storing File: res://tools/shoot_maze_traversal.gdc[39m[0m
[  75% ] [90m[1msavepack[22m | Storing File: res://tools/shoot_merge_readiness.gdc[39m[0m
[  75% ] [90m[1msavepack[22m | Storing File: res://tools/shoot_opening_prologue.gdc[39m[0m
[  75% ] [90m[1msavepack[22m | Storing File: res://tools/shoot_play.gdc[39m[0m
[  75% ] [90m[1msavepack[22m | Storing File: res://tools/shoot_prologue_octopus.gdc[39m[0m
[  75% ] [90m[1msavepack[22m | Storing File: res://tools/shoot_prologue_title.gdc[39m[0m
[  76% ] [90m[1msavepack[22m | Storing File: res://tools/shoot_scene.gdc[39m[0m
[  76% ] [90m[1msavepack[22m | Storing File: res://tools/shoot_special_encounter.gdc[39m[0m
[  76% ] [90m[1msavepack[22m | Storing File: res://tools/shoot_title.gdc[39m[0m
[  76% ] [90m[1msavepack[22m | Storing File: res://tools/test_battle.gdc[39m[0m
[  76% ] [90m[1msavepack[22m | Storing File: res://tools/test_goblin.gdc[39m[0m
[  76% ] [90m[1msavepack[22m | Storing File: res://tools/tethys_showcase.gdc[39m[0m
[  77% ] [90m[1msavepack[22m | Storing File: res://.godot/imported/grapple-playtest-evidence.png-df173648b30bd0c9dcea6ab2bf61fed8.ctex[39m[0m
[  77% ] [90m[1msavepack[22m | Storing File: res://verification/grapple-playtest-evidence.png.import[39m[0m
[  77% ] [90m[1msavepack[22m | Storing File: res://.godot/imported/special-encounter-carousel.png-623364bce61f7792c5737ce0c9915661.ctex[39m[0m
[  77% ] [90m[1msavepack[22m | Storing File: res://verification/special-encounter-carousel.png.import[39m[0m
[  77% ] [90m[1msavepack[22m | Storing File: res://.godot/imported/special-encounter-chooser.png-4c3443ec35fec16dd14dd6d233471b26.ctex[39m[0m
[  77% ] [90m[1msavepack[22m | Storing File: res://verification/special-encounter-chooser.png.import[39m[0m
[  77% ] [90m[1msavepack[22m | Storing File: res://.godot/imported/title-after-starting-game.png-8867857f61d7ebaf28626c68b2dbff58.ctex[39m[0m
[  77% ] [90m[1msavepack[22m | Storing File: res://verification/title-after-starting-game.png.import[39m[0m
[  77% ] [90m[1msavepack[22m | Storing File: res://.godot/imported/title-cover-art.png-2ce6f6e240ac2cf74a514837e5df7e32.ctex[39m[0m
[  77% ] [90m[1msavepack[22m | Storing File: res://verification/title-cover-art.png.import[39m[0m
[  77% ] [90m[1msavepack[22m | Storing File: res://.godot/imported/title-first-run.png-6bac4809a9011dec32666f67575c4b12.ctex[39m[0m
[  77% ] [90m[1msavepack[22m | Storing File: res://verification/title-first-run.png.import[39m[0m
[  77% ] [90m[1msavepack[22m | Storing File: res://.godot/imported/title-load-game-slots.png-ab71fcccfebcfd5adf810332927836a4.ctex[39m[0m
[  77% ] [90m[1msavepack[22m | Storing File: res://verification/title-load-game-slots.png.import[39m[0m
[  78% ] [90m[1msavepack[22m | Storing File: res://.godot/imported/title-new-game-slots.png-afa55dd83de86ff32d3cb5900b0c74c7.ctex[39m[0m
[  78% ] [90m[1msavepack[22m | Storing File: res://verification/title-new-game-slots.png.import[39m[0m
[  78% ] [90m[1msavepack[22m | Storing File: res://.godot/imported/title-returning-player.png-290a7616accf734c1120872b7af36092.ctex[39m[0m
[  78% ] [90m[1msavepack[22m | Storing File: res://verification/title-returning-player.png.import[39m[0m
[  78% ] [90m[1msavepack[22m | Storing File: res://.godot/imported/title-screen-after.png-bef3a35d765994d0c9bafc2fa0176005.ctex[39m[0m
[  78% ] [90m[1msavepack[22m | Storing File: res://verification/title-screen-after.png.import[39m[0m
[  78% ] [90m[1msavepack[22m | Storing File: res://.godot/imported/title-screen-before.png-c7ca8c9fa1a31e80a74e313cbb7eb34d.ctex[39m[0m
[  78% ] [90m[1msavepack[22m | Storing File: res://verification/title-screen-before.png.import[39m[0m
[  78% ] [90m[1msavepack[22m | Storing File: res://verify/ability_popup_video.gdc[39m[0m
[  78% ] [90m[1msavepack[22m | Storing File: res://verify/angler_grunt.gdc[39m[0m
[  79% ] [90m[1msavepack[22m | Storing File: res://verify/angler_victory_transition.gdc[39m[0m
[  79% ] [90m[1msavepack[22m | Storing File: res://verify/animations.gdc[39m[0m
[  79% ] [90m[1msavepack[22m | Storing File: res://verify/artifact_guardians.gdc[39m[0m
[  79% ] [90m[1msavepack[22m | Storing File: res://verify/audio_assets.gdc[39m[0m
[  79% ] [90m[1msavepack[22m | Storing File: res://verify/audio_lifecycle.gdc[39m[0m
[  79% ] [90m[1msavepack[22m | Storing File: res://verify/audio_manager.gdc[39m[0m
[  79% ] [90m[1msavepack[22m | Storing File: res://verify/audio_settings_ui.gdc[39m[0m
[  80% ] [90m[1msavepack[22m | Storing File: res://verify/balance.gdc[39m[0m
[  80% ] [90m[1msavepack[22m | Storing File: res://verify/battling_flag_after_tutorial_probe.gdc[39m[0m
[  80% ] [90m[1msavepack[22m | Storing File: res://verify/bomb_bot_battle.gdc[39m[0m
[  80% ] [90m[1msavepack[22m | Storing File: res://verify/checkpoint_load_failures.gdc[39m[0m
[  80% ] [90m[1msavepack[22m | Storing File: res://verify/checkpoint_slot_switch.gdc[39m[0m
[  80% ] [90m[1msavepack[22m | Storing File: res://verify/clips.gdc[39m[0m
[  81% ] [90m[1msavepack[22m | Storing File: res://verify/combat_content_reconciliation.gdc[39m[0m
[  81% ] [90m[1msavepack[22m | Storing File: res://verify/combat_feedback.gdc[39m[0m
[  81% ] [90m[1msavepack[22m | Storing File: res://verify/combat_quick_read.gdc[39m[0m
[  81% ] [90m[1msavepack[22m | Storing File: res://verify/combat_sfx_assets.gdc[39m[0m
[  81% ] [90m[1msavepack[22m | Storing File: res://verify/combat_sfx_playback.gdc[39m[0m
[  81% ] [90m[1msavepack[22m | Storing File: res://verify/current_barrier.gdc[39m[0m
[  81% ] [90m[1msavepack[22m | Storing File: res://verify/deep_zone_assets.gdc[39m[0m
[  82% ] [90m[1msavepack[22m | Storing File: res://verify/deep_zone_blockers.gdc[39m[0m
[  82% ] [90m[1msavepack[22m | Storing File: res://verify/deep_zone_blocker_balance.gdc[39m[0m
[  82% ] [90m[1msavepack[22m | Storing File: res://verify/deep_zone_environment.gdc[39m[0m
[  82% ] [90m[1msavepack[22m | Storing File: res://verify/deep_zone_guidance.gdc[39m[0m
[  82% ] [90m[1msavepack[22m | Storing File: res://verify/deep_zone_maze_transition.gdc[39m[0m
[  82% ] [90m[1msavepack[22m | Storing File: res://verify/deep_zone_progression.gdc[39m[0m
[  83% ] [90m[1msavepack[22m | Storing File: res://verify/deep_zone_route.gdc[39m[0m
[  83% ] [90m[1msavepack[22m | Storing File: res://verify/defeated_overhead.gdc[39m[0m
[  83% ] [90m[1msavepack[22m | Storing File: res://verify/encounters.gdc[39m[0m
[  83% ] [90m[1msavepack[22m | Storing File: res://verify/enemy_moves.gdc[39m[0m
[  83% ] [90m[1msavepack[22m | Storing File: res://verify/environmental_oxygen.gdc[39m[0m
[  83% ] [90m[1msavepack[22m | Storing File: res://verify/escape_encounter_hint.gdc[39m[0m
[  84% ] [90m[1msavepack[22m | Storing File: res://verify/fight.gdc[39m[0m
[  84% ] [90m[1msavepack[22m | Storing File: res://verify/frilled_shark_framing.gdc[39m[0m
[  84% ] [90m[1msavepack[22m | Storing File: res://verify/glassgoat_combat.gdc[39m[0m
[  84% ] [90m[1msavepack[22m | Storing File: res://verify/glassgoat_discord_followup.gdc[39m[0m
[  84% ] [90m[1msavepack[22m | Storing File: res://verify/grapple_battle_integration.gdc[39m[0m
[  84% ] [90m[1msavepack[22m | Storing File: res://verify/grapple_intercept.gdc[39m[0m
[  84% ] [90m[1msavepack[22m | Storing File: res://verify/grapple_mouse_input.gdc[39m[0m
[  85% ] [90m[1msavepack[22m | Storing File: res://verify/guardian_encounter_exclusion.gdc[39m[0m
[  85% ] [90m[1msavepack[22m | Storing File: res://verify/guardian_item_integration.gdc[39m[0m
[  85% ] [90m[1msavepack[22m | Storing File: res://verify/imported_enemy_presentation.gdc[39m[0m
[  85% ] [90m[1msavepack[22m | Storing File: res://verify/input_aliases.gdc[39m[0m
[  85% ] [90m[1msavepack[22m | Storing File: res://verify/intro_crawl_click_skip_probe.gdc[39m[0m
[  85% ] [90m[1msavepack[22m | Storing File: res://verify/intro_crawl_readability.gdc[39m[0m
[  86% ] [90m[1msavepack[22m | Storing File: res://verify/intro_sequence.gdc[39m[0m
[  86% ] [90m[1msavepack[22m | Storing File: res://verify/lab_battle_composition.gdc[39m[0m
[  86% ] [90m[1msavepack[22m | Storing File: res://verify/lab_door_asset.gdc[39m[0m
[  86% ] [90m[1msavepack[22m | Storing File: res://verify/lab_exterior.gdc[39m[0m
[  86% ] [90m[1msavepack[22m | Storing File: res://verify/lab_tethys_route.gdc[39m[0m
[  86% ] [90m[1msavepack[22m | Storing File: res://verify/legacy_highway_route_separation.gdc[39m[0m
[  86% ] [90m[1msavepack[22m | Storing File: res://verify/local_world_guidance.gdc[39m[0m
[  87% ] [90m[1msavepack[22m | Storing File: res://verify/maze.gdc[39m[0m
[  87% ] [90m[1msavepack[22m | Storing File: res://verify/maze_completion.gdc[39m[0m
[  87% ] [90m[1msavepack[22m | Storing File: res://verify/maze_minimap.gdc[39m[0m
[  87% ] [90m[1msavepack[22m | Storing File: res://verify/maze_review_route.gdc[39m[0m
[  87% ] [90m[1msavepack[22m | Storing File: res://verify/maze_traversal.gdc[39m[0m
[  87% ] [90m[1msavepack[22m | Storing File: res://verify/menus_spell_title.gdc[39m[0m
[  88% ] [90m[1msavepack[22m | Storing File: res://verify/menu_audio_comfort.gdc[39m[0m
[  88% ] [90m[1msavepack[22m | Storing File: res://verify/mouse_look_after_inbattle_skip_probe.gdc[39m[0m
[  88% ] [90m[1msavepack[22m | Storing File: res://verify/mouse_look_after_loss_exit_probe.gdc[39m[0m
[  88% ] [90m[1msavepack[22m | Storing File: res://verify/mouse_look_after_tutorial_probe.gdc[39m[0m
[  88% ] [90m[1msavepack[22m | Storing File: res://verify/mouse_look_after_win_probe.gdc[39m[0m
[  88% ] [90m[1msavepack[22m | Storing File: res://verify/mouse_mode_headless_probe.gdc[39m[0m
[  89% ] [90m[1msavepack[22m | Storing File: res://verify/octopus_asset_intake.gdc[39m[0m
[  89% ] [90m[1msavepack[22m | Storing File: res://verify/octopus_cutscene_asset.gdc[39m[0m
[  89% ] [90m[1msavepack[22m | Storing File: res://verify/opening_exploration_defaults.gdc[39m[0m
[  89% ] [90m[1msavepack[22m | Storing File: res://verify/opening_pack_tuning.gdc[39m[0m
[  89% ] [90m[1msavepack[22m | Storing File: res://verify/opening_prologue_free_swim.gdc[39m[0m
[  89% ] [90m[1msavepack[22m | Storing File: res://verify/opening_prologue_journey.gdc[39m[0m
[  89% ] [90m[1msavepack[22m | Storing File: res://verify/opening_prologue_state.gdc[39m[0m
[  90% ] [90m[1msavepack[22m | Storing File: res://verify/opening_prologue_trigger.gdc[39m[0m
[  90% ] [90m[1msavepack[22m | Storing File: res://verify/opening_prologue_world.gdc[39m[0m
[  90% ] [90m[1msavepack[22m | Storing File: res://verify/opening_title_handoff.gdc[39m[0m
[  90% ] [90m[1msavepack[22m | Storing File: res://verify/opening_title_world.gdc[39m[0m
[  90% ] [90m[1msavepack[22m | Storing File: res://verify/opening_video.gdc[39m[0m
[  90% ] [90m[1msavepack[22m | Storing File: res://verify/opening_video_world.gdc[39m[0m
[  91% ] [90m[1msavepack[22m | Storing File: res://verify/open_water_blockade.gdc[39m[0m
[  91% ] [90m[1msavepack[22m | Storing File: res://verify/optional_training.gdc[39m[0m
[  91% ] [90m[1msavepack[22m | Storing File: res://verify/ordinary_roster.gdc[39m[0m
[  91% ] [90m[1msavepack[22m | Storing File: res://verify/persistence.gdc[39m[0m
[  91% ] [90m[1msavepack[22m | Storing File: res://verify/pr54_merge_readiness.gdc[39m[0m
[  91% ] [90m[1msavepack[22m | Storing File: res://verify/prologue_angler.gdc[39m[0m
[  91% ] [90m[1msavepack[22m | Storing File: res://verify/prologue_audio_envelope.gdc[39m[0m
[  92% ] [90m[1msavepack[22m | Storing File: res://verify/prologue_cinematic.gdc[39m[0m
[  92% ] [90m[1msavepack[22m | Storing File: res://verify/prologue_cinematic_asset.gdc[39m[0m
[  92% ] [90m[1msavepack[22m | Storing File: res://verify/prologue_combat.gdc[39m[0m
[  92% ] [90m[1msavepack[22m | Storing File: res://verify/prologue_octopus.gdc[39m[0m
[  92% ] [90m[1msavepack[22m | Storing File: res://verify/prologue_single_target_sequence.gdc[39m[0m
[  92% ] [90m[1msavepack[22m | Storing File: res://verify/prologue_stage_framing.gdc[39m[0m
[  93% ] [90m[1msavepack[22m | Storing File: res://verify/random_encounters_toggle_probe.gdc[39m[0m
[  93% ] [90m[1msavepack[22m | Storing File: res://verify/route_state.gdc[39m[0m
[  93% ] [90m[1msavepack[22m | Storing File: res://verify/shallows_guidance.gdc[39m[0m
[  93% ] [90m[1msavepack[22m | Storing File: res://verify/sites.gdc[39m[0m
[  93% ] [90m[1msavepack[22m | Storing File: res://verify/skip_tutorial_button_probe.gdc[39m[0m
[  93% ] [90m[1msavepack[22m | Storing File: res://verify/special_encounters.gdc[39m[0m
[  94% ] [90m[1msavepack[22m | Storing File: res://verify/special_minigame_dispatch.gdc[39m[0m
[  94% ] [90m[1msavepack[22m | Storing File: res://verify/spell_playtest.gdc[39m[0m
[  94% ] [90m[1msavepack[22m | Storing File: res://verify/stage_framing.gdc[39m[0m
[  94% ] [90m[1msavepack[22m | Storing File: res://verify/swim.gdc[39m[0m
[  94% ] [90m[1msavepack[22m | Storing File: res://verify/swordfish_moves.gdc[39m[0m
[  94% ] [90m[1msavepack[22m | Storing File: res://verify/tethys_boss.gdc[39m[0m
[  94% ] [90m[1msavepack[22m | Storing File: res://verify/title_audio.gdc[39m[0m
[  95% ] [90m[1msavepack[22m | Storing File: res://verify/title_screen.gdc[39m[0m
[  95% ] [90m[1msavepack[22m | Storing File: res://verify/tutorial_ability_onboarding.gdc[39m[0m
[  95% ] [90m[1msavepack[22m | Storing File: res://verify/tutorial_camera_handoff.gdc[39m[0m
[  95% ] [90m[1msavepack[22m | Storing File: res://verify/tutorial_continue_button.gdc[39m[0m
[  95% ] [90m[1msavepack[22m | Storing File: res://verify/tutorial_exit.gdc[39m[0m
[  95% ] [90m[1msavepack[22m | Storing File: res://verify/tutorial_forward_entry.gdc[39m[0m
[  96% ] [90m[1msavepack[22m | Storing File: res://verify/tutorial_loss_choice.gdc[39m[0m
[  96% ] [90m[1msavepack[22m | Storing File: res://verify/tutorial_onboarding_review_route.gdc[39m[0m
[  96% ] [90m[1msavepack[22m | Storing File: res://verify/tutorial_qte.gdc[39m[0m
[  96% ] [90m[1msavepack[22m | Storing File: res://verify/tutorial_qte_handoff_layout.gdc[39m[0m
[  96% ] [90m[1msavepack[22m | Storing File: res://verify/tutorial_skip.gdc[39m[0m
[  96% ] [90m[1msavepack[22m | Storing File: res://verify/tutorial_status_layout.gdc[39m[0m
[  96% ] [90m[1msavepack[22m | Storing File: res://verify/tutorial_video_load_probe.gdc[39m[0m
[  97% ] [90m[1msavepack[22m | Storing File: res://verify/tutorial_win_handoff.gdc[39m[0m
[  97% ] [90m[1msavepack[22m | Storing File: res://verify/vortex_collision.gdc[39m[0m
[  97% ] [90m[1msavepack[22m | Storing File: res://verify/world_grapple_aim.gdc[39m[0m
[  97% ] [90m[1msavepack[22m | Storing File: res://character_ability_popup.gdc[39m[0m
[  97% ] [90m[1msavepack[22m | Storing File: res://.godot/exported/133200997/export-ff3dea3ddae2102b1263d2157361515b-character_ability_popup.scn[39m[0m
[  97% ] [90m[1msavepack[22m | Storing File: res://.godot/exported/133200997/export-19246414aa9fb561ced4b8dce477acec-default_bus_layout.res[39m[0m
[  98% ] [90m[1msavepack[22m | Storing File: res://.godot/imported/GoblinGrunt_0.png-51fdf0ba6a0d547e583a3b61649e5f20.s3tc.ctex[39m[0m
[  98% ] [90m[1msavepack[22m | Storing File: res://.godot/imported/GoblinGrunt_0.png-51fdf0ba6a0d547e583a3b61649e5f20.etc2.ctex[39m[0m
[  98% ] [90m[1msavepack[22m | Storing File: res://GoblinGrunt_0.png.import[39m[0m
[  98% ] [90m[1msavepack[22m | Storing File: res://.godot/imported/golden_energy_orb.glb-c5c8e86fd356a35f817227cbf0444be6.scn[39m[0m
[  98% ] [90m[1msavepack[22m | Storing File: res://golden_energy_orb.glb.import[39m[0m
[  98% ] [90m[1msavepack[22m | Storing File: res://.godot/imported/icon.svg-218a8f2b3041327d8a5756f3a245f83b.ctex[39m[0m
[  98% ] [90m[1msavepack[22m | Storing File: res://icon.svg.import[39m[0m
[  98% ] [90m[1msavepack[22m | Storing File: res://slot.gdc[39m[0m
[  98% ] [90m[1msavepack[22m | Storing File: res://.godot/exported/133200997/export-4a8e30dceedd921be059f98eea3fd7b7-slot.scn[39m[0m
[  98% ] [90m[1msavepack[22m | Storing File: res://vercel.json[39m[0m
[  98% ] [90m[1msavepack[22m | Storing File: res://art/deep_zone/octopus_prologue_frame.tres.remap[39m[0m
[  98% ] [90m[1msavepack[22m | Storing File: res://content/cast.gd.remap[39m[0m
[  98% ] [90m[1msavepack[22m | Storing File: res://content/combat_moves.gd.remap[39m[0m
[  98% ] [90m[1msavepack[22m | Storing File: res://content/deep_zone_layout.gd.remap[39m[0m
[  98% ] [90m[1msavepack[22m | Storing File: res://content/enemy_moves.gd.remap[39m[0m
[  98% ] [90m[1msavepack[22m | Storing File: res://content/enemy_roster.gd.remap[39m[0m
[  98% ] [90m[1msavepack[22m | Storing File: res://content/sites.gd.remap[39m[0m
[  98% ] [90m[1msavepack[22m | Storing File: res://content/tutorial_content.gd.remap[39m[0m
[  98% ] [90m[1msavepack[22m | Storing File: res://game/ability_onboarding.gd.remap[39m[0m
[  98% ] [90m[1msavepack[22m | Storing File: res://game/audio_manager.gd.remap[39m[0m
[  98% ] [90m[1msavepack[22m | Storing File: res://game/battle.gd.remap[39m[0m
[  98% ] [90m[1msavepack[22m | Storing File: res://game/beacon.gd.remap[39m[0m
[  98% ] [90m[1msavepack[22m | Storing File: res://game/bomb_bot.gd.remap[39m[0m
[  98% ] [90m[1msavepack[22m | Storing File: res://game/browser_checkpoint.gd.remap[39m[0m
[  98% ] [90m[1msavepack[22m | Storing File: res://game/combatant_stats.gd.remap[39m[0m
[  98% ] [90m[1msavepack[22m | Storing File: res://game/combat_rules.gd.remap[39m[0m
[  98% ] [90m[1msavepack[22m | Storing File: res://game/cracked_wall.gd.remap[39m[0m
[  98% ] [90m[1msavepack[22m | Storing File: res://game/cutscene.gd.remap[39m[0m
[  98% ] [90m[1msavepack[22m | Storing File: res://game/deep_zone_environment.gd.remap[39m[0m
[  98% ] [90m[1msavepack[22m | Storing File: res://game/diver.gd.remap[39m[0m
[  98% ] [90m[1msavepack[22m | Storing File: res://game/diver_swap_minigame.gd.remap[39m[0m
[  98% ] [90m[1msavepack[22m | Storing File: res://game/door.gd.remap[39m[0m
[  98% ] [90m[1msavepack[22m | Storing File: res://game/encounter_escape_hint.gd.remap[39m[0m
[  98% ] [90m[1msavepack[22m | Storing File: res://game/frilled_shark.gd.remap[39m[0m
[  98% ] [90m[1msavepack[22m | Storing File: res://game/game_over_screen.gd.remap[39m[0m
[  98% ] [90m[1msavepack[22m | Storing File: res://game/goblin.gd.remap[39m[0m
[  98% ] [90m[1msavepack[22m | Storing File: res://game/grapple_anchor.gd.remap[39m[0m
[  98% ] [90m[1msavepack[22m | Storing File: res://game/grapple_intercept_minigame.gd.remap[39m[0m
[  98% ] [90m[1msavepack[22m | Storing File: res://game/grapple_playtest.gd.remap[39m[0m
[  98% ] [90m[1msavepack[22m | Storing File: res://game/grapple_playtest.tscn.remap[39m[0m
[  98% ] [90m[1msavepack[22m | Storing File: res://game/intro_crawl.gd.remap[39m[0m
[  98% ] [90m[1msavepack[22m | Storing File: res://game/inventory_menu.gd.remap[39m[0m
[  98% ] [90m[1msavepack[22m | Storing File: res://game/items.gd.remap[39m[0m
[  98% ] [90m[1msavepack[22m | Storing File: res://game/item_guardian.gd.remap[39m[0m
[  98% ] [90m[1msavepack[22m | Storing File: res://game/item_orb.gd.remap[39m[0m
[  98% ] [90m[1msavepack[22m | Storing File: res://game/lab_video_cutscene.gd.remap[39m[0m
[  98% ] [90m[1msavepack[22m | Storing File: res://game/lever.gd.remap[39m[0m
[  98% ] [90m[1msavepack[22m | Storing File: res://game/lineup.gd.remap[39m[0m
[  98% ] [90m[1msavepack[22m | Storing File: res://game/lineup.tscn.remap[39m[0m
[  98% ] [90m[1msavepack[22m | Storing File: res://game/lock_plate.gd.remap[39m[0m
[  98% ] [90m[1msavepack[22m | Storing File: res://game/maze_level.gd.remap[39m[0m
[  98% ] [90m[1msavepack[22m | Storing File: res://game/maze_level.tscn.remap[39m[0m
[  98% ] [90m[1msavepack[22m | Storing File: res://game/maze_mini_map.gd.remap[39m[0m
[  98% ] [90m[1msavepack[22m | Storing File: res://game/mini_map.gd.remap[39m[0m
[  98% ] [90m[1msavepack[22m | Storing File: res://game/opening_prologue_trigger.gd.remap[39m[0m
[  98% ] [90m[1msavepack[22m | Storing File: res://game/opening_video.gd.remap[39m[0m
[  98% ] [90m[1msavepack[22m | Storing File: res://game/prologue_cinematic.gd.remap[39m[0m
[  98% ] [90m[1msavepack[22m | Storing File: res://game/prologue_octopus.gd.remap[39m[0m
[  98% ] [90m[1msavepack[22m | Storing File: res://game/prologue_recovery.gd.remap[39m[0m
[  98% ] [90m[1msavepack[22m | Storing File: res://game/prologue_victory_bridge.gd.remap[39m[0m
[  98% ] [90m[1msavepack[22m | Storing File: res://game/pulse_text_effect.gd.remap[39m[0m
[  98% ] [90m[1msavepack[22m | Storing File: res://game/rock_dodge_minigame.gd.remap[39m[0m
[  98% ] [90m[1msavepack[22m | Storing File: res://game/rotate_currents.gd.remap[39m[0m
[  98% ] [90m[1msavepack[22m | Storing File: res://game/route_state.gd.remap[39m[0m
[  98% ] [90m[1msavepack[22m | Storing File: res://game/salvage_part.gd.remap[39m[0m
[  98% ] [90m[1msavepack[22m | Storing File: res://game/save_manager.gd.remap[39m[0m
[  98% ] [90m[1msavepack[22m | Storing File: res://game/save_point.gd.remap[39m[0m
[  98% ] [90m[1msavepack[22m | Storing File: res://game/save_point_menu.gd.remap[39m[0m
[  98% ] [90m[1msavepack[22m | Storing File: res://game/site.gd.remap[39m[0m
[  98% ] [90m[1msavepack[22m | Storing File: res://game/special_encounter_prompt.gd.remap[39m[0m
[  98% ] [90m[1msavepack[22m | Storing File: res://game/spell_tree.gd.remap[39m[0m
[  98% ] [90m[1msavepack[22m | Storing File: res://game/spell_tree_ui.gd.remap[39m[0m
[  98% ] [90m[1msavepack[22m | Storing File: res://game/sword_duelist.gd.remap[39m[0m
[  98% ] [90m[1msavepack[22m | Storing File: res://game/sword_slayer.gd.remap[39m[0m
[  98% ] [90m[1msavepack[22m | Storing File: res://game/target_selector.gd.remap[39m[0m
[  98% ] [90m[1msavepack[22m | Storing File: res://game/tethys_boss.gd.remap[39m[0m
[  98% ] [90m[1msavepack[22m | Storing File: res://game/title_screen.gd.remap[39m[0m
[  98% ] [90m[1msavepack[22m | Storing File: res://game/tooltip_button.gd.remap[39m[0m
[  98% ] [90m[1msavepack[22m | Storing File: res://game/tutorial_book.gd.remap[39m[0m
[  98% ] [90m[1msavepack[22m | Storing File: res://game/tutorial_result_popup.gd.remap[39m[0m
[  98% ] [90m[1msavepack[22m | Storing File: res://game/vortex_collision.gd.remap[39m[0m
[  98% ] [90m[1msavepack[22m | Storing File: res://game/vortex_grapple_sphere.gd.remap[39m[0m
[  98% ] [90m[1msavepack[22m | Storing File: res://game/water_current.gd.remap[39m[0m
[  98% ] [90m[1msavepack[22m | Storing File: res://game/waypoint.gd.remap[39m[0m
[  98% ] [90m[1msavepack[22m | Storing File: res://game/whirlpool.gd.remap[39m[0m
[  98% ] [90m[1msavepack[22m | Storing File: res://game/world.gd.remap[39m[0m
[  98% ] [90m[1msavepack[22m | Storing File: res://game/world.tscn.remap[39m[0m
[  98% ] [90m[1msavepack[22m | Storing File: res://world_encounters.gd.remap[39m[0m
[  98% ] [90m[1msavepack[22m | Storing File: res://tools/derive_cordys_framing.gd.remap[39m[0m
[  98% ] [90m[1msavepack[22m | Storing File: res://tools/dump_fbx.gd.remap[39m[0m
[  98% ] [90m[1msavepack[22m | Storing File: res://tools/dump_glb.gd.remap[39m[0m
[  98% ] [90m[1msavepack[22m | Storing File: res://tools/fbx_to_glb.gd.remap[39m[0m
[  98% ] [90m[1msavepack[22m | Storing File: res://tools/inspect_octopus_structure.gd.remap[39m[0m
[  98% ] [90m[1msavepack[22m | Storing File: res://tools/measure_fbx.gd.remap[39m[0m
[  98% ] [90m[1msavepack[22m | Storing File: res://tools/shoot_audio_settings.gd.remap[39m[0m
[  98% ] [90m[1msavepack[22m | Storing File: res://tools/shoot_boss.gd.remap[39m[0m
[  98% ] [90m[1msavepack[22m | Storing File: res://tools/shoot_checkpoint_errors.gd.remap[39m[0m
[  98% ] [90m[1msavepack[22m | Storing File: res://tools/shoot_combat_v2.gd.remap[39m[0m
[  98% ] [90m[1msavepack[22m | Storing File: res://tools/shoot_cordys_stage.gd.remap[39m[0m
[  98% ] [90m[1msavepack[22m | Storing File: res://tools/shoot_current_barrier.gd.remap[39m[0m
[  98% ] [90m[1msavepack[22m | Storing File: res://tools/shoot_deep_zone_assets.gd.remap[39m[0m
[  98% ] [90m[1msavepack[22m | Storing File: res://tools/shoot_deep_zone_blockers.gd.remap[39m[0m
[  98% ] [90m[1msavepack[22m | Storing File: res://tools/shoot_deep_zone_route.gd.remap[39m[0m
[  98% ] [90m[1msavepack[22m | Storing File: res://tools/shoot_fbx.gd.remap[39m[0m
[  98% ] [90m[1msavepack[22m | Storing File: res://tools/shoot_grapple_intercept.gd.remap[39m[0m
[  98% ] [90m[1msavepack[22m | Storing File: res://tools/shoot_intro_crawl.gd.remap[39m[0m
[  98% ] [90m[1msavepack[22m | Storing File: res://tools/shoot_maze.gd.remap[39m[0m
[  98% ] [90m[1msavepack[22m | Storing File: res://tools/shoot_maze_completion.gd.remap[39m[0m
[  98% ] [90m[1msavepack[22m | Storing File: res://tools/shoot_maze_minimap.gd.remap[39m[0m
[  98% ] [90m[1msavepack[22m | Storing File: res://tools/shoot_maze_traversal.gd.remap[39m[0m
[  98% ] [90m[1msavepack[22m | Storing File: res://tools/shoot_merge_readiness.gd.remap[39m[0m
[  98% ] [90m[1msavepack[22m | Storing File: res://tools/shoot_opening_prologue.gd.remap[39m[0m
[  98% ] [90m[1msavepack[22m | Storing File: res://tools/shoot_play.gd.remap[39m[0m
[  98% ] [90m[1msavepack[22m | Storing File: res://tools/shoot_prologue_octopus.gd.remap[39m[0m
[  98% ] [90m[1msavepack[22m | Storing File: res://tools/shoot_prologue_title.gd.remap[39m[0m
[  98% ] [90m[1msavepack[22m | Storing File: res://tools/shoot_scene.gd.remap[39m[0m
[  98% ] [90m[1msavepack[22m | Storing File: res://tools/shoot_special_encounter.gd.remap[39m[0m
[  98% ] [90m[1msavepack[22m | Storing File: res://tools/shoot_title.gd.remap[39m[0m
[  98% ] [90m[1msavepack[22m | Storing File: res://tools/test_battle.gd.remap[39m[0m
[  98% ] [90m[1msavepack[22m | Storing File: res://tools/test_goblin.gd.remap[39m[0m
[  98% ] [90m[1msavepack[22m | Storing File: res://tools/tethys_showcase.gd.remap[39m[0m
[  98% ] [90m[1msavepack[22m | Storing File: res://verify/ability_popup_video.gd.remap[39m[0m
[  98% ] [90m[1msavepack[22m | Storing File: res://verify/angler_grunt.gd.remap[39m[0m
[  98% ] [90m[1msavepack[22m | Storing File: res://verify/angler_victory_transition.gd.remap[39m[0m
[  98% ] [90m[1msavepack[22m | Storing File: res://verify/animations.gd.remap[39m[0m
[  98% ] [90m[1msavepack[22m | Storing File: res://verify/artifact_guardians.gd.remap[39m[0m
[  98% ] [90m[1msavepack[22m | Storing File: res://verify/audio_assets.gd.remap[39m[0m
[  98% ] [90m[1msavepack[22m | Storing File: res://verify/audio_lifecycle.gd.remap[39m[0m
[  98% ] [90m[1msavepack[22m | Storing File: res://verify/audio_manager.gd.remap[39m[0m
[  98% ] [90m[1msavepack[22m | Storing File: res://verify/audio_settings_ui.gd.remap[39m[0m
[  98% ] [90m[1msavepack[22m | Storing File: res://verify/balance.gd.remap[39m[0m
[  98% ] [90m[1msavepack[22m | Storing File: res://verify/battling_flag_after_tutorial_probe.gd.remap[39m[0m
[  98% ] [90m[1msavepack[22m | Storing File: res://verify/bomb_bot_battle.gd.remap[39m[0m
[  98% ] [90m[1msavepack[22m | Storing File: res://verify/checkpoint_load_failures.gd.remap[39m[0m
[  98% ] [90m[1msavepack[22m | Storing File: res://verify/checkpoint_slot_switch.gd.remap[39m[0m
[  98% ] [90m[1msavepack[22m | Storing File: res://verify/clips.gd.remap[39m[0m
[  98% ] [90m[1msavepack[22m | Storing File: res://verify/combat_content_reconciliation.gd.remap[39m[0m
[  98% ] [90m[1msavepack[22m | Storing File: res://verify/combat_feedback.gd.remap[39m[0m
[  98% ] [90m[1msavepack[22m | Storing File: res://verify/combat_quick_read.gd.remap[39m[0m
[  98% ] [90m[1msavepack[22m | Storing File: res://verify/combat_sfx_assets.gd.remap[39m[0m
[  98% ] [90m[1msavepack[22m | Storing File: res://verify/combat_sfx_playback.gd.remap[39m[0m
[  98% ] [90m[1msavepack[22m | Storing File: res://verify/current_barrier.gd.remap[39m[0m
[  98% ] [90m[1msavepack[22m | Storing File: res://verify/deep_zone_assets.gd.remap[39m[0m
[  98% ] [90m[1msavepack[22m | Storing File: res://verify/deep_zone_blockers.gd.remap[39m[0m
[  98% ] [90m[1msavepack[22m | Storing File: res://verify/deep_zone_blocker_balance.gd.remap[39m[0m
[  98% ] [90m[1msavepack[22m | Storing File: res://verify/deep_zone_environment.gd.remap[39m[0m
[  98% ] [90m[1msavepack[22m | Storing File: res://verify/deep_zone_guidance.gd.remap[39m[0m
[  98% ] [90m[1msavepack[22m | Storing File: res://verify/deep_zone_maze_transition.gd.remap[39m[0m
[  98% ] [90m[1msavepack[22m | Storing File: res://verify/deep_zone_progression.gd.remap[39m[0m
[  98% ] [90m[1msavepack[22m | Storing File: res://verify/deep_zone_route.gd.remap[39m[0m
[  98% ] [90m[1msavepack[22m | Storing File: res://verify/defeated_overhead.gd.remap[39m[0m
[  98% ] [90m[1msavepack[22m | Storing File: res://verify/encounters.gd.remap[39m[0m
[  98% ] [90m[1msavepack[22m | Storing File: res://verify/enemy_moves.gd.remap[39m[0m
[  98% ] [90m[1msavepack[22m | Storing File: res://verify/environmental_oxygen.gd.remap[39m[0m
[  98% ] [90m[1msavepack[22m | Storing File: res://verify/escape_encounter_hint.gd.remap[39m[0m
[  98% ] [90m[1msavepack[22m | Storing File: res://verify/fight.gd.remap[39m[0m
[  98% ] [90m[1msavepack[22m | Storing File: res://verify/frilled_shark_framing.gd.remap[39m[0m
[  98% ] [90m[1msavepack[22m | Storing File: res://verify/glassgoat_combat.gd.remap[39m[0m
[  98% ] [90m[1msavepack[22m | Storing File: res://verify/glassgoat_discord_followup.gd.remap[39m[0m
[  98% ] [90m[1msavepack[22m | Storing File: res://verify/grapple_battle_integration.gd.remap[39m[0m
[  98% ] [90m[1msavepack[22m | Storing File: res://verify/grapple_intercept.gd.remap[39m[0m
[  98% ] [90m[1msavepack[22m | Storing File: res://verify/grapple_mouse_input.gd.remap[39m[0m
[  98% ] [90m[1msavepack[22m | Storing File: res://verify/guardian_encounter_exclusion.gd.remap[39m[0m
[  98% ] [90m[1msavepack[22m | Storing File: res://verify/guardian_item_integration.gd.remap[39m[0m
[  98% ] [90m[1msavepack[22m | Storing File: res://verify/imported_enemy_presentation.gd.remap[39m[0m
[  98% ] [90m[1msavepack[22m | Storing File: res://verify/input_aliases.gd.remap[39m[0m
[  98% ] [90m[1msavepack[22m | Storing File: res://verify/intro_crawl_click_skip_probe.gd.remap[39m[0m
[  98% ] [90m[1msavepack[22m | Storing File: res://verify/intro_crawl_readability.gd.remap[39m[0m
[  98% ] [90m[1msavepack[22m | Storing File: res://verify/intro_sequence.gd.remap[39m[0m
[  98% ] [90m[1msavepack[22m | Storing File: res://verify/lab_battle_composition.gd.remap[39m[0m
[  98% ] [90m[1msavepack[22m | Storing File: res://verify/lab_door_asset.gd.remap[39m[0m
[  98% ] [90m[1msavepack[22m | Storing File: res://verify/lab_exterior.gd.remap[39m[0m
[  98% ] [90m[1msavepack[22m | Storing File: res://verify/lab_tethys_route.gd.remap[39m[0m
[  98% ] [90m[1msavepack[22m | Storing File: res://verify/legacy_highway_route_separation.gd.remap[39m[0m
[  98% ] [90m[1msavepack[22m | Storing File: res://verify/local_world_guidance.gd.remap[39m[0m
[  98% ] [90m[1msavepack[22m | Storing File: res://verify/maze.gd.remap[39m[0m
[  98% ] [90m[1msavepack[22m | Storing File: res://verify/maze_completion.gd.remap[39m[0m
[  98% ] [90m[1msavepack[22m | Storing File: res://verify/maze_minimap.gd.remap[39m[0m
[  98% ] [90m[1msavepack[22m | Storing File: res://verify/maze_review_route.gd.remap[39m[0m
[  98% ] [90m[1msavepack[22m | Storing File: res://verify/maze_traversal.gd.remap[39m[0m
[  98% ] [90m[1msavepack[22m | Storing File: res://verify/menus_spell_title.gd.remap[39m[0m
[  98% ] [90m[1msavepack[22m | Storing File: res://verify/menu_audio_comfort.gd.remap[39m[0m
[  98% ] [90m[1msavepack[22m | Storing File: res://verify/mouse_look_after_inbattle_skip_probe.gd.remap[39m[0m
[  98% ] [90m[1msavepack[22m | Storing File: res://verify/mouse_look_after_loss_exit_probe.gd.remap[39m[0m
[  98% ] [90m[1msavepack[22m | Storing File: res://verify/mouse_look_after_tutorial_probe.gd.remap[39m[0m
[  98% ] [90m[1msavepack[22m | Storing File: res://verify/mouse_look_after_win_probe.gd.remap[39m[0m
[  98% ] [90m[1msavepack[22m | Storing File: res://verify/mouse_mode_headless_probe.gd.remap[39m[0m
[  98% ] [90m[1msavepack[22m | Storing File: res://verify/octopus_asset_intake.gd.remap[39m[0m
[  98% ] [90m[1msavepack[22m | Storing File: res://verify/octopus_cutscene_asset.gd.remap[39m[0m
[  98% ] [90m[1msavepack[22m | Storing File: res://verify/opening_exploration_defaults.gd.remap[39m[0m
[  98% ] [90m[1msavepack[22m | Storing File: res://verify/opening_pack_tuning.gd.remap[39m[0m
[  98% ] [90m[1msavepack[22m | Storing File: res://verify/opening_prologue_free_swim.gd.remap[39m[0m
[  98% ] [90m[1msavepack[22m | Storing File: res://verify/opening_prologue_journey.gd.remap[39m[0m
[  98% ] [90m[1msavepack[22m | Storing File: res://verify/opening_prologue_state.gd.remap[39m[0m
[  98% ] [90m[1msavepack[22m | Storing File: res://verify/opening_prologue_trigger.gd.remap[39m[0m
[  98% ] [90m[1msavepack[22m | Storing File: res://verify/opening_prologue_world.gd.remap[39m[0m
[  98% ] [90m[1msavepack[22m | Storing File: res://verify/opening_title_handoff.gd.remap[39m[0m
[  98% ] [90m[1msavepack[22m | Storing File: res://verify/opening_title_world.gd.remap[39m[0m
[  98% ] [90m[1msavepack[22m | Storing File: res://verify/opening_video.gd.remap[39m[0m
[  98% ] [90m[1msavepack[22m | Storing File: res://verify/opening_video_world.gd.remap[39m[0m
[  98% ] [90m[1msavepack[22m | Storing File: res://verify/open_water_blockade.gd.remap[39m[0m
[  98% ] [90m[1msavepack[22m | Storing File: res://verify/optional_training.gd.remap[39m[0m
[  98% ] [90m[1msavepack[22m | Storing File: res://verify/ordinary_roster.gd.remap[39m[0m
[  98% ] [90m[1msavepack[22m | Storing File: res://verify/persistence.gd.remap[39m[0m
[  98% ] [90m[1msavepack[22m | Storing File: res://verify/pr54_merge_readiness.gd.remap[39m[0m
[  98% ] [90m[1msavepack[22m | Storing File: res://verify/prologue_angler.gd.remap[39m[0m
[  98% ] [90m[1msavepack[22m | Storing File: res://verify/prologue_audio_envelope.gd.remap[39m[0m
[  98% ] [90m[1msavepack[22m | Storing File: res://verify/prologue_cinematic.gd.remap[39m[0m
[  98% ] [90m[1msavepack[22m | Storing File: res://verify/prologue_cinematic_asset.gd.remap[39m[0m
[  98% ] [90m[1msavepack[22m | Storing File: res://verify/prologue_combat.gd.remap[39m[0m
[  98% ] [90m[1msavepack[22m | Storing File: res://verify/prologue_octopus.gd.remap[39m[0m
[  98% ] [90m[1msavepack[22m | Storing File: res://verify/prologue_single_target_sequence.gd.remap[39m[0m
[  98% ] [90m[1msavepack[22m | Storing File: res://verify/prologue_stage_framing.gd.remap[39m[0m
[  98% ] [90m[1msavepack[22m | Storing File: res://verify/random_encounters_toggle_probe.gd.remap[39m[0m
[  98% ] [90m[1msavepack[22m | Storing File: res://verify/route_state.gd.remap[39m[0m
[  98% ] [90m[1msavepack[22m | Storing File: res://verify/shallows_guidance.gd.remap[39m[0m
[  98% ] [90m[1msavepack[22m | Storing File: res://verify/sites.gd.remap[39m[0m
[  98% ] [90m[1msavepack[22m | Storing File: res://verify/skip_tutorial_button_probe.gd.remap[39m[0m
[  98% ] [90m[1msavepack[22m | Storing File: res://verify/special_encounters.gd.remap[39m[0m
[  98% ] [90m[1msavepack[22m | Storing File: res://verify/special_minigame_dispatch.gd.remap[39m[0m
[  98% ] [90m[1msavepack[22m | Storing File: res://verify/spell_playtest.gd.remap[39m[0m
[  98% ] [90m[1msavepack[22m | Storing File: res://verify/stage_framing.gd.remap[39m[0m
[  98% ] [90m[1msavepack[22m | Storing File: res://verify/swim.gd.remap[39m[0m
[  98% ] [90m[1msavepack[22m | Storing File: res://verify/swordfish_moves.gd.remap[39m[0m
[  98% ] [90m[1msavepack[22m | Storing File: res://verify/tethys_boss.gd.remap[39m[0m
[  98% ] [90m[1msavepack[22m | Storing File: res://verify/title_audio.gd.remap[39m[0m
[  98% ] [90m[1msavepack[22m | Storing File: res://verify/title_screen.gd.remap[39m[0m
[  98% ] [90m[1msavepack[22m | Storing File: res://verify/tutorial_ability_onboarding.gd.remap[39m[0m
[  98% ] [90m[1msavepack[22m | Storing File: res://verify/tutorial_camera_handoff.gd.remap[39m[0m
[  98% ] [90m[1msavepack[22m | Storing File: res://verify/tutorial_continue_button.gd.remap[39m[0m
[  98% ] [90m[1msavepack[22m | Storing File: res://verify/tutorial_exit.gd.remap[39m[0m
[  98% ] [90m[1msavepack[22m | Storing File: res://verify/tutorial_forward_entry.gd.remap[39m[0m
[  98% ] [90m[1msavepack[22m | Storing File: res://verify/tutorial_loss_choice.gd.remap[39m[0m
[  98% ] [90m[1msavepack[22m | Storing File: res://verify/tutorial_onboarding_review_route.gd.remap[39m[0m
[  98% ] [90m[1msavepack[22m | Storing File: res://verify/tutorial_qte.gd.remap[39m[0m
[  98% ] [90m[1msavepack[22m | Storing File: res://verify/tutorial_qte_handoff_layout.gd.remap[39m[0m
[  98% ] [90m[1msavepack[22m | Storing File: res://verify/tutorial_skip.gd.remap[39m[0m
[  98% ] [90m[1msavepack[22m | Storing File: res://verify/tutorial_status_layout.gd.remap[39m[0m
[  98% ] [90m[1msavepack[22m | Storing File: res://verify/tutorial_video_load_probe.gd.remap[39m[0m
[  98% ] [90m[1msavepack[22m | Storing File: res://verify/tutorial_win_handoff.gd.remap[39m[0m
[  98% ] [90m[1msavepack[22m | Storing File: res://verify/vortex_collision.gd.remap[39m[0m
[  98% ] [90m[1msavepack[22m | Storing File: res://verify/world_grapple_aim.gd.remap[39m[0m
[  98% ] [90m[1msavepack[22m | Storing File: res://character_ability_popup.gd.remap[39m[0m
[  98% ] [90m[1msavepack[22m | Storing File: res://character_ability_popup.tscn.remap[39m[0m
[  98% ] [90m[1msavepack[22m | Storing File: res://default_bus_layout.tres.remap[39m[0m
[  98% ] [90m[1msavepack[22m | Storing File: res://slot.gd.remap[39m[0m
[  98% ] [90m[1msavepack[22m | Storing File: res://slot.tscn.remap[39m[0m
[  98% ] [90m[1msavepack[22m | Storing File: res://.godot/global_script_class_cache.cfg[39m[0m
[  98% ] [90m[1msavepack[22m | Storing File: res://.godot/uid_cache.bin[39m[0m
[  98% ] [90m[1msavepack[22m | Storing File: res://project.binary[39m[0m
[92m[ DONE ][39m [1msavepack[22m
[0m
